0.075588,0.000000,0.000000,0.263519,0.214710,0.000000,0.000000,0.000000,0.000000,0.074173,0.000000,0.000000,0.056743,0.000000,0.000000,0.142712,0.000000,0.193262,0.000000,0.253775,0.166866,0.000000,0.000000,0.000000,0.133531,0.000000,0.000000,0.214910,0.000000,0.258602,0.062889,0.056025,0.000000,0.229749,0.000000,0.103375,0.047279,0.243357,0.000000,0.000000,0.251447,0.218824,0.210760,0.118889,0.175463,0.000000,0.206925,0.000000,0.000000,0.054517,0.000000,0.000000,
0.092543,0.000000,0.000000,0.395278,0.322064,0.000000,0.000000,0.000000,0.000000,0.086915,0.000000,0.000000,0.124153,0.000000,0.000000,0.212457,0.000000,0.289893,0.000000,0.380663,0.226628,0.000000,0.000000,0.000000,0.200773,0.000000,0.000000,0.322365,0.000000,0.387903,0.077764,0.084132,0.000000,0.344624,0.000000,0.120366,0.070661,0.365035,0.000000,0.000000,0.316632,0.355692,0.316140,0.207709,0.263194,0.000000,0.310388,0.000000,0.000000,0.077798,0.000000,0.000000,
0.113501,0.000000,0.000000,0.461158,0.375742,0.000000,0.000000,0.000000,0.000000,0.093744,0.000000,0.000000,0.109943,0.000000,0.000000,0.256526,0.000000,0.338209,0.000000,0.444106,0.165507,0.000000,0.000000,0.000000,0.242063,0.000000,0.000000,0.376093,0.000000,0.452554,0.097155,0.098192,0.000000,0.402062,0.000000,0.128211,0.091478,0.425874,0.000000,0.000000,0.297933,0.424127,0.368830,0.258170,0.307059,0.000000,0.362119,0.000000,0.000000,0.090542,0.000000,0.000000,
0.178521,0.000000,0.000000,0.494098,0.402580,0.000000,0.000000,0.000000,0.000000,0.142954,0.000000,0.000000,0.288037,0.000000,0.000000,0.277743,0.000000,0.362366,0.000000,0.475828,0.143065,0.000000,0.000000,0.000000,0.261140,0.000000,0.000000,0.402957,0.000000,0.484879,0.184291,0.205085,0.000000,0.430780,0.000000,0.167386,0.132193,0.456294,0.000000,0.000000,0.341249,0.430887,0.395175,0.248573,0.328992,0.000000,0.387985,0.000000,0.000000,0.100882,0.000000,0.000000,
0.180281,0.000000,0.000000,0.510568,0.416000,0.000000,0.000000,0.000000,0.000000,0.156589,0.000000,0.000000,0.265452,0.000000,0.000000,0.288617,0.000000,0.374445,0.000000,0.491689,0.211659,0.000000,0.000000,0.000000,0.242406,0.000000,0.000000,0.416389,0.000000,0.501042,0.204681,0.172719,0.000000,0.445140,0.000000,0.151639,0.147489,0.471503,0.000000,0.000000,0.362942,0.434312,0.408348,0.243894,0.339959,0.000000,0.400918,0.000000,0.000000,0.128869,0.000000,0.000000,
0.223888,0.000000,0.000000,0.518803,0.422709,0.000000,0.000000,0.000000,0.000000,0.153056,0.000000,0.000000,0.364711,0.000000,0.000000,0.301055,0.000000,0.380485,0.000000,0.499620,0.264930,0.000000,0.000000,0.000000,0.316954,0.000000,0.000000,0.423105,0.000000,0.509123,0.232911,0.142471,0.000000,0.452319,0.000000,0.143916,0.133177,0.479108,0.000000,0.000000,0.433029,0.436025,0.414934,0.240051,0.345442,0.000000,0.407384,0.000000,0.000000,0.117783,0.000000,0.000000,
0.201556,0.000000,0.000000,0.522920,0.426064,0.000000,0.000000,0.000000,0.000000,0.157871,0.000000,0.000000,0.413384,0.000000,0.000000,0.304290,0.000000,0.383504,0.000000,0.503585,0.279719,0.000000,0.000000,0.000000,0.347408,0.000000,0.000000,0.426463,0.000000,0.513164,0.223174,0.128737,0.000000,0.455909,0.000000,0.261623,0.127122,0.482911,0.000000,0.000000,0.409145,0.436836,0.418227,0.272962,0.348183,0.000000,0.410617,0.000000,0.000000,0.108608,0.000000,0.000000,
0.204559,0.000000,0.000000,0.524979,0.427742,0.000000,0.000000,0.000000,0.000000,0.136773,0.000000,0.000000,0.302516,0.000000,0.000000,0.309563,0.000000,0.385014,0.000000,0.505568,0.287387,0.000000,0.000000,0.000000,0.360403,0.000000,0.000000,0.428142,0.000000,0.515184,0.223866,0.121865,0.000000,0.457704,0.000000,0.203956,0.173771,0.484812,0.000000,0.000000,0.396671,0.437242,0.419874,0.282769,0.349554,0.000000,0.412234,0.000000,0.000000,0.297657,0.000000,0.000000,
0.225168,0.000000,0.000000,0.526008,0.428580,0.000000,0.000000,0.000000,0.000000,0.129798,0.000000,0.000000,0.246778,0.000000,0.000000,0.307657,0.000000,0.385769,0.000000,0.506559,0.291401,0.000000,0.000000,0.000000,0.372748,0.000000,0.000000,0.428981,0.000000,0.516194,0.165325,0.118445,0.000000,0.458601,0.000000,0.170365,0.152494,0.485763,0.000000,0.000000,0.449894,0.437445,0.420697,0.287690,0.350240,0.000000,0.413042,0.000000,0.000000,0.208817,0.000000,0.000000,
0.229691,0.000000,0.000000,0.526523,0.429000,0.000000,0.000000,0.000000,0.000000,0.115136,0.000000,0.000000,0.357387,0.000000,0.000000,0.303178,0.000000,0.386147,0.000000,0.507055,0.297464,0.000000,0.000000,0.000000,0.373073,0.000000,0.000000,0.429401,0.000000,0.516699,0.169073,0.116619,0.000000,0.459050,0.000000,0.274867,0.147311,0.486238,0.000000,0.000000,0.476505,0.465003,0.421109,0.281144,0.350583,0.000000,0.413446,0.000000,0.000000,0.162599,0.000000,0.000000,
0.241261,0.000000,0.000000,0.526780,0.429209,0.000000,0.000000,0.000000,0.000000,0.127819,0.000000,0.000000,0.273988,0.000000,0.000000,0.305756,0.000000,0.386335,0.000000,0.507302,0.299519,0.000000,0.000000,0.000000,0.379802,0.000000,0.000000,0.429611,0.000000,0.516952,0.164296,0.115706,0.000000,0.459275,0.000000,0.339728,0.132530,0.486476,0.000000,0.000000,0.489811,0.451325,0.421314,0.286964,0.350754,0.000000,0.413648,0.000000,0.000000,0.139527,0.000000,0.000000,
0.215610,0.000000,0.000000,0.526909,0.429314,0.000000,0.000000,0.000000,0.000000,0.159623,0.000000,0.000000,0.332908,0.000000,0.000000,0.303775,0.000000,0.386430,0.000000,0.507426,0.196275,0.000000,0.000000,0.000000,0.380268,0.000000,0.000000,0.429716,0.000000,0.517078,0.142825,0.115216,0.000000,0.459387,0.000000,0.372158,0.128240,0.486594,0.000000,0.000000,0.496464,0.444487,0.421417,0.286577,0.350840,0.000000,0.413749,0.000000,0.000000,0.133349,0.000000,0.000000,
0.219599,0.000000,0.000000,0.526973,0.429367,0.000000,0.000000,0.000000,0.000000,0.138185,0.000000,0.000000,0.262693,0.000000,0.000000,0.305654,0.000000,0.386477,0.000000,0.507488,0.247439,0.000000,0.000000,0.000000,0.381189,0.000000,0.000000,0.429768,0.000000,0.517141,0.151558,0.124417,0.000000,0.459443,0.000000,0.253930,0.118074,0.486654,0.000000,0.000000,0.499790,0.441067,0.421469,0.286316,0.350883,0.000000,0.413800,0.000000,0.000000,0.146464,0.000000,0.000000,
0.223620,0.000000,0.000000,0.527006,0.429393,0.000000,0.000000,0.000000,0.000000,0.121285,0.000000,0.000000,0.365232,0.000000,0.000000,0.304110,0.000000,0.386501,0.000000,0.507519,0.273346,0.000000,0.000000,0.000000,0.381649,0.000000,0.000000,0.429794,0.000000,0.517173,0.232345,0.168118,0.000000,0.459471,0.000000,0.195559,0.106987,0.486683,0.000000,0.000000,0.442230,0.439357,0.421495,0.260926,0.350904,0.000000,0.413825,0.000000,0.000000,0.160169,0.000000,0.000000,
0.241628,0.000000,0.000000,0.527022,0.429406,0.000000,0.000000,0.000000,0.000000,0.124695,0.000000,0.000000,0.233621,0.000000,0.000000,0.305833,0.000000,0.386512,0.000000,0.507535,0.286010,0.000000,0.000000,0.000000,0.383123,0.000000,0.000000,0.429807,0.000000,0.517189,0.208798,0.141432,0.000000,0.459485,0.000000,0.296078,0.116703,0.486698,0.000000,0.000000,0.413792,0.438503,0.421507,0.248596,0.350915,0.000000,0.413838,0.000000,0.000000,0.165046,0.000000,0.000000,
0.217111,0.000000,0.000000,0.527030,0.429413,0.000000,0.000000,0.000000,0.000000,0.128303,0.000000,0.000000,0.167966,0.000000,0.000000,0.308612,0.000000,0.386518,0.000000,0.507542,0.305097,0.000000,0.000000,0.000000,0.383331,0.000000,0.000000,0.429814,0.000000,0.517196,0.220322,0.128112,0.000000,0.459492,0.000000,0.221099,0.128791,0.486706,0.000000,0.000000,0.399566,0.438075,0.421514,0.242483,0.350920,0.000000,0.413844,0.000000,0.000000,0.167942,0.000000,0.000000,
0.210878,0.000000,0.000000,0.527034,0.429416,0.000000,0.000000,0.000000,0.000000,0.154370,0.000000,0.000000,0.316848,0.000000,0.000000,0.308084,0.000000,0.386521,0.000000,0.507546,0.304176,0.000000,0.000000,0.000000,0.383644,0.000000,0.000000,0.429817,0.000000,0.517200,0.171178,0.121515,0.000000,0.459495,0.000000,0.178479,0.139824,0.486709,0.000000,0.000000,0.392453,0.437861,0.421517,0.268666,0.350923,0.000000,0.413847,0.000000,0.000000,0.351293,0.000000,0.000000,
0.199091,0.000000,0.000000,0.527036,0.429417,0.000000,0.000000,0.000000,0.000000,0.166850,0.000000,0.000000,0.220634,0.000000,0.000000,0.307395,0.000000,0.386523,0.000000,0.507548,0.304450,0.000000,0.000000,0.000000,0.382936,0.000000,0.000000,0.429819,0.000000,0.517202,0.132183,0.159536,0.000000,0.459497,0.000000,0.287509,0.136699,0.486711,0.000000,0.000000,0.388897,0.437755,0.421519,0.240683,0.350924,0.000000,0.413849,0.000000,0.000000,0.275090,0.000000,0.000000,
0.201338,0.000000,0.000000,0.527037,0.429418,0.000000,0.000000,0.000000,0.000000,0.173893,0.000000,0.000000,0.345332,0.000000,0.000000,0.307051,0.000000,0.386523,0.000000,0.507549,0.209679,0.000000,0.000000,0.000000,0.383238,0.000000,0.000000,0.429820,0.000000,0.517203,0.154351,0.147490,0.000000,0.459498,0.000000,0.190236,0.158756,0.486712,0.000000,0.000000,0.387119,0.437701,0.421519,0.238393,0.350925,0.000000,0.413850,0.000000,0.000000,0.190958,0.000000,0.000000,
0.212607,0.000000,0.000000,0.527037,0.429419,0.000000,0.000000,0.000000,0.000000,0.157109,0.000000,0.000000,0.408529,0.000000,0.000000,0.309402,0.000000,0.386524,0.000000,0.507550,0.162709,0.000000,0.000000,0.000000,0.385409,0.000000,0.000000,0.429820,0.000000,0.517204,0.173781,0.181043,0.000000,0.459499,0.000000,0.298965,0.142015,0.486713,0.000000,0.000000,0.386230,0.465131,0.421520,0.262032,0.350925,0.000000,0.413850,0.000000,0.000000,0.150426,0.000000,0.000000,
0.226726,0.000000,0.000000,0.527038,0.429419,0.000000,0.000000,0.000000,0.000000,0.160285,0.000000,0.000000,0.399962,0.000000,0.000000,0.310579,0.000000,0.386524,0.000000,0.507550,0.234071,0.000000,0.000000,0.000000,0.330774,0.000000,0.000000,0.429820,0.000000,0.517204,0.176895,0.251350,0.000000,0.459499,0.000000,0.222471,0.151892,0.486713,0.000000,0.000000,0.444655,0.451389,0.421520,0.273852,0.350925,0.000000,0.413850,0.000000,0.000000,0.127846,0.000000,0.000000,
0.204702,0.000000,0.000000,0.527038,0.429419,0.000000,0.000000,0.000000,0.000000,0.147904,0.000000,0.000000,0.435238,0.000000,0.000000,0.311167,0.000000,0.386524,0.000000,0.507550,0.269897,0.000000,0.000000,0.000000,0.306394,0.000000,0.000000,0.429820,0.000000,0.517204,0.186506,0.280571,0.000000,0.459499,0.000000,0.157687,0.142712,0.486713,0.000000,0.000000,0.414998,0.471975,0.421520,0.279762,0.350925,0.000000,0.413850,0.000000,0.000000,0.116556,0.000000,0.000000,
0.198933,0.000000,0.000000,0.527038,0.456111,0.000000,0.000000,0.000000,0.000000,0.149814,0.000000,0.000000,0.315369,0.000000,0.000000,0.312202,0.000000,0.386524,0.000000,0.507550,0.287289,0.000000,0.000000,0.000000,0.291952,0.000000,0.000000,0.429821,0.000000,0.517204,0.145378,0.233497,0.000000,0.459499,0.000000,0.274142,0.124979,0.486713,0.000000,0.000000,0.459039,0.454811,0.421520,0.283311,0.350925,0.000000,0.413850,0.000000,0.000000,0.150513,0.000000,0.000000,
0.205778,0.000000,0.000000,0.527038,0.469458,0.000000,0.000000,0.000000,0.000000,0.131883,0.000000,0.000000,0.205315,0.000000,0.000000,0.311579,0.000000,0.386524,0.000000,0.507550,0.296116,0.000000,0.000000,0.000000,0.283993,0.000000,0.000000,0.429821,0.000000,0.517204,0.139184,0.185424,0.000000,0.459499,0.000000,0.183317,0.116663,0.486713,0.000000,0.000000,0.422190,0.446230,0.421520,0.258636,0.350925,0.000000,0.413850,0.000000,0.000000,0.250649,0.000000,0.000000,
0.209481,0.000000,0.000000,0.527038,0.449438,0.000000,0.000000,0.000000,0.000000,0.126475,0.000000,0.000000,0.335810,0.000000,0.000000,0.312348,0.000000,0.386524,0.000000,0.507550,0.300529,0.000000,0.000000,0.000000,0.251585,0.000000,0.000000,0.429821,0.000000,0.517204,0.216817,0.159971,0.000000,0.459499,0.000000,0.159774,0.113525,0.486713,0.000000,0.000000,0.403531,0.441939,0.421520,0.272241,0.350925,0.000000,0.413850,0.000000,0.000000,0.180705,0.000000,0.000000,
0.207563,0.000000,0.000000,0.527038,0.466121,0.000000,0.000000,0.000000,0.000000,0.135768,0.000000,0.000000,0.265228,0.000000,0.000000,0.312805,0.000000,0.386524,0.000000,0.507550,0.302736,0.000000,0.000000,0.000000,0.235725,0.000000,0.000000,0.429821,0.000000,0.517204,0.190740,0.147244,0.000000,0.459499,0.000000,0.148373,0.136919,0.486713,0.000000,0.000000,0.338636,0.439793,0.421520,0.253884,0.350925,0.000000,0.413850,0.000000,0.000000,0.147338,0.000000,0.000000,
0.218600,0.000000,0.000000,0.527038,0.474462,0.000000,0.000000,0.000000,0.000000,0.322614,0.000000,0.000000,0.382543,0.000000,0.000000,0.309009,0.000000,0.386524,0.000000,0.507550,0.304061,0.000000,0.000000,0.000000,0.225400,0.000000,0.000000,0.429821,0.000000,0.517204,0.219119,0.180195,0.000000,0.459499,0.000000,0.273151,0.166676,0.486713,0.000000,0.000000,0.361729,0.438720,0.421520,0.269906,0.350925,0.000000,0.413850,0.000000,0.000000,0.167593,0.000000,0.000000,
0.204220,0.000000,0.000000,0.527038,0.451941,0.000000,0.000000,0.000000,0.000000,0.252319,0.000000,0.000000,0.289529,0.000000,0.000000,0.308005,0.000000,0.386524,0.000000,0.507550,0.298218,0.000000,0.000000,0.000000,0.256858,0.000000,0.000000,0.429821,0.000000,0.517204,0.194141,0.188592,0.000000,0.459499,0.000000,0.336072,0.150509,0.486713,0.000000,0.000000,0.373315,0.438184,0.421520,0.287587,0.350925,0.000000,0.413850,0.000000,0.000000,0.133077,0.000000,0.000000,
0.182370,0.000000,0.000000,0.527038,0.467372,0.000000,0.000000,0.000000,0.000000,0.219070,0.000000,0.000000,0.380908,0.000000,0.000000,0.313259,0.000000,0.386524,0.000000,0.507550,0.300681,0.000000,0.000000,0.000000,0.237492,0.000000,0.000000,0.429821,0.000000,0.517204,0.153969,0.200915,0.000000,0.459499,0.000000,0.367086,0.147931,0.486713,0.000000,0.000000,0.326213,0.437916,0.421520,0.261969,0.350925,0.000000,0.413850,0.000000,0.000000,0.122145,0.000000,0.000000,
0.202446,0.000000,0.000000,0.527038,0.475088,0.000000,0.000000,0.000000,0.000000,0.289082,0.000000,0.000000,0.424522,0.000000,0.000000,0.315072,0.000000,0.386524,0.000000,0.507550,0.302042,0.000000,0.000000,0.000000,0.227404,0.000000,0.000000,0.429821,0.000000,0.517204,0.215651,0.199050,0.000000,0.459499,0.000000,0.380159,0.173268,0.486713,0.000000,0.000000,0.354624,0.437782,0.421520,0.274630,0.350925,0.000000,0.413850,0.000000,0.000000,0.159539,0.000000,0.000000,
0.217011,0.000000,0.000000,0.527038,0.478946,0.000000,0.000000,0.000000,0.000000,0.238308,0.000000,0.000000,0.446359,0.000000,0.000000,0.315958,0.000000,0.386524,0.000000,0.507550,0.199955,0.000000,0.000000,0.000000,0.247498,0.000000,0.000000,0.429821,0.000000,0.517204,0.163519,0.166932,0.000000,0.459499,0.000000,0.387772,0.161194,0.486713,0.000000,0.000000,0.321143,0.437760,0.421520,0.282030,0.350925,0.000000,0.413850,0.000000,0.000000,0.130322,0.000000,0.000000,
0.207598,0.000000,0.000000,0.527038,0.480875,0.000000,0.000000,0.000000,0.000000,0.169025,0.000000,0.000000,0.458110,0.000000,0.000000,0.314394,0.000000,0.386524,0.000000,0.507550,0.150395,0.000000,0.000000,0.000000,0.264506,0.000000,0.000000,0.429821,0.000000,0.517204,0.135878,0.140899,0.000000,0.459499,0.000000,0.391503,0.132575,0.486713,0.000000,0.000000,0.415029,0.437704,0.421520,0.292400,0.350925,0.000000,0.413850,0.000000,0.000000,0.121955,0.000000,0.000000,
0.225303,0.000000,0.000000,0.527038,0.481839,0.000000,0.000000,0.000000,0.000000,0.141564,0.000000,0.000000,0.327637,0.000000,0.000000,0.316475,0.000000,0.386524,0.000000,0.507550,0.225944,0.000000,0.000000,0.000000,0.241177,0.000000,0.000000,0.429821,0.000000,0.517204,0.164773,0.137856,0.000000,0.459499,0.000000,0.263887,0.115661,0.486713,0.000000,0.000000,0.462056,0.437676,0.421520,0.297400,0.350925,0.000000,0.413850,0.000000,0.000000,0.241825,0.000000,0.000000,
0.196721,0.000000,0.000000,0.527038,0.482321,0.000000,0.000000,0.000000,0.000000,0.144127,0.000000,0.000000,0.398005,0.000000,0.000000,0.318931,0.000000,0.386524,0.000000,0.507550,0.182067,0.000000,0.000000,0.000000,0.229758,0.000000,0.000000,0.429821,0.000000,0.517204,0.155814,0.176226,0.000000,0.459499,0.000000,0.330376,0.106014,0.486713,0.000000,0.000000,0.371463,0.437662,0.421520,0.300076,0.350925,0.000000,0.413850,0.000000,0.000000,0.302276,0.000000,0.000000,
0.185005,0.000000,0.000000,0.527038,0.482563,0.000000,0.000000,0.000000,0.000000,0.161347,0.000000,0.000000,0.435073,0.000000,0.000000,0.315538,0.000000,0.386524,0.000000,0.507550,0.155721,0.000000,0.000000,0.000000,0.304778,0.000000,0.000000,0.429821,0.000000,0.517204,0.170135,0.145552,0.000000,0.459499,0.000000,0.211304,0.102192,0.486713,0.000000,0.000000,0.326187,0.437655,0.421520,0.294382,0.350925,0.000000,0.413850,0.000000,0.000000,0.214540,0.000000,0.000000,
0.199464,0.000000,0.000000,0.527038,0.482683,0.000000,0.000000,0.000000,0.000000,0.162530,0.000000,0.000000,0.451940,0.000000,0.000000,0.328666,0.000000,0.386524,0.000000,0.507550,0.223721,0.000000,0.000000,0.000000,0.290450,0.000000,0.000000,0.429821,0.000000,0.517204,0.166958,0.171315,0.000000,0.459499,0.000000,0.302258,0.110275,0.486713,0.000000,0.000000,0.355404,0.437651,0.421520,0.291808,0.350925,0.000000,0.413850,0.000000,0.000000,0.165515,0.000000,0.000000,
0.187806,0.000000,0.000000,0.527038,0.482743,0.000000,0.000000,0.000000,0.000000,0.144025,0.000000,0.000000,0.368961,0.000000,0.000000,0.324363,0.000000,0.386524,0.000000,0.507550,0.263988,0.000000,0.000000,0.000000,0.283110,0.000000,0.000000,0.429821,0.000000,0.517204,0.173658,0.143097,0.000000,0.459499,0.000000,0.218959,0.115205,0.486713,0.000000,0.000000,0.369838,0.437650,0.421520,0.290635,0.350925,0.000000,0.413850,0.000000,0.000000,0.146881,0.000000,0.000000,
0.202849,0.000000,0.000000,0.527038,0.456081,0.000000,0.000000,0.000000,0.000000,0.172725,0.000000,0.000000,0.419462,0.000000,0.000000,0.332972,0.000000,0.386524,0.000000,0.507550,0.257967,0.000000,0.000000,0.000000,0.279979,0.000000,0.000000,0.429821,0.000000,0.517204,0.182817,0.170141,0.000000,0.459499,0.000000,0.177626,0.121380,0.486713,0.000000,0.000000,0.377335,0.437649,0.421520,0.290049,0.350925,0.000000,0.413850,0.000000,0.000000,0.152270,0.000000,0.000000,
0.195701,0.000000,0.000000,0.527038,0.442750,0.000000,0.000000,0.000000,0.000000,0.155641,0.000000,0.000000,0.445937,0.000000,0.000000,0.327761,0.000000,0.386524,0.000000,0.507550,0.277608,0.000000,0.000000,0.000000,0.275017,0.000000,0.000000,0.429821,0.000000,0.517204,0.199586,0.191610,0.000000,0.459499,0.000000,0.287376,0.113475,0.486713,0.000000,0.000000,0.381084,0.437648,0.421520,0.289756,0.350925,0.000000,0.413850,0.000000,0.000000,0.161513,0.000000,0.000000,
0.203509,0.000000,0.000000,0.527038,0.436085,0.000000,0.000000,0.000000,0.000000,0.135725,0.000000,0.000000,0.458504,0.000000,0.000000,0.326967,0.000000,0.386524,0.000000,0.507550,0.214217,0.000000,0.000000,0.000000,0.274389,0.000000,0.000000,0.429821,0.000000,0.517204,0.162203,0.194240,0.000000,0.459499,0.000000,0.342251,0.109003,0.486713,0.000000,0.000000,0.382959,0.437693,0.421520,0.289609,0.350925,0.000000,0.413850,0.000000,0.000000,0.129602,0.000000,0.000000,
0.215428,0.000000,0.000000,0.527038,0.432752,0.000000,0.000000,0.000000,0.000000,0.126495,0.000000,0.000000,0.286631,0.000000,0.000000,0.326802,0.000000,0.386524,0.000000,0.507550,0.188394,0.000000,0.000000,0.000000,0.274359,0.000000,0.000000,0.429821,0.000000,0.517204,0.166134,0.143405,0.000000,0.459499,0.000000,0.369689,0.119677,0.486713,0.000000,0.000000,0.383896,0.437670,0.421520,0.289536,0.350925,0.000000,0.413850,0.000000,0.000000,0.129512,0.000000,0.000000,
0.207197,0.000000,0.000000,0.527038,0.457778,0.000000,0.000000,0.000000,0.000000,0.142873,0.000000,0.000000,0.192330,0.000000,0.000000,0.323846,0.000000,0.386524,0.000000,0.507550,0.242896,0.000000,0.000000,0.000000,0.331123,0.000000,0.000000,0.429821,0.000000,0.517204,0.181381,0.178242,0.000000,0.459499,0.000000,0.383408,0.106017,0.486713,0.000000,0.000000,0.384364,0.437704,0.421520,0.289499,0.350925,0.000000,0.413850,0.000000,0.000000,0.286841,0.000000,0.000000,
0.212074,0.000000,0.000000,0.527038,0.470291,0.000000,0.000000,0.000000,0.000000,0.178885,0.000000,0.000000,0.154354,0.000000,0.000000,0.316516,0.000000,0.386524,0.000000,0.507550,0.279848,0.000000,0.000000,0.000000,0.274442,0.000000,0.000000,0.429821,0.000000,0.517204,0.156765,0.156531,0.000000,0.459499,0.000000,0.380376,0.115595,0.486713,0.000000,0.000000,0.384599,0.437676,0.421520,0.289281,0.350925,0.000000,0.413850,0.000000,0.000000,0.198357,0.000000,0.000000,
0.198506,0.000000,0.000000,0.527038,0.476547,0.000000,0.000000,0.000000,0.000000,0.268325,0.000000,0.000000,0.150655,0.000000,0.000000,0.316322,0.000000,0.386524,0.000000,0.507550,0.187147,0.000000,0.000000,0.000000,0.280608,0.000000,0.000000,0.429821,0.000000,0.517204,0.124626,0.184721,0.000000,0.459499,0.000000,0.390223,0.104779,0.486713,0.000000,0.000000,0.384716,0.437707,0.421520,0.289371,0.350925,0.000000,0.413850,0.000000,0.000000,0.177660,0.000000,0.000000,
0.190198,0.000000,0.000000,0.527038,0.452983,0.000000,0.000000,0.000000,0.000000,0.235173,0.000000,0.000000,0.159067,0.000000,0.000000,0.319190,0.000000,0.386524,0.000000,0.507550,0.143301,0.000000,0.000000,0.000000,0.249353,0.000000,0.000000,0.429821,0.000000,0.517204,0.113077,0.191072,0.000000,0.459499,0.000000,0.395147,0.131367,0.486713,0.000000,0.000000,0.384774,0.437677,0.421520,0.289417,0.350925,0.000000,0.413850,0.000000,0.000000,0.165866,0.000000,0.000000,
0.178778,0.000000,0.000000,0.527038,0.467893,0.000000,0.000000,0.000000,0.000000,0.196855,0.000000,0.000000,0.137702,0.000000,0.000000,0.317937,0.000000,0.386524,0.000000,0.507550,0.118297,0.000000,0.000000,0.000000,0.233383,0.000000,0.000000,0.429821,0.000000,0.517204,0.107981,0.162946,0.000000,0.459499,0.000000,0.396086,0.126433,0.486713,0.000000,0.000000,0.384804,0.437663,0.421520,0.289440,0.350925,0.000000,0.413850,0.000000,0.000000,0.165163,0.000000,0.000000,
0.189240,0.000000,0.000000,0.527038,0.475349,0.000000,0.000000,0.000000,0.000000,0.169714,0.000000,0.000000,0.117728,0.000000,0.000000,0.205271,0.000000,0.386524,0.000000,0.507550,0.110016,0.000000,0.000000,0.000000,0.254259,0.000000,0.000000,0.429821,0.000000,0.517204,0.100262,0.188285,0.000000,0.459499,0.000000,0.398864,0.137025,0.486713,0.000000,0.000000,0.384818,0.437655,0.421520,0.289701,0.350925,0.000000,0.413850,0.000000,0.000000,0.164306,0.000000,0.000000,
0.195872,0.000000,0.000000,0.527038,0.452384,0.000000,0.000000,0.000000,0.000000,0.165284,0.000000,0.000000,0.112256,0.000000,0.000000,0.261569,0.000000,0.386524,0.000000,0.507550,0.176078,0.000000,0.000000,0.000000,0.320567,0.000000,0.000000,0.429821,0.000000,0.517204,0.099537,0.192854,0.000000,0.459499,0.000000,0.267140,0.119025,0.486713,0.000000,0.000000,0.384826,0.465108,0.421520,0.251900,0.350925,0.000000,0.413850,0.000000,0.000000,0.347040,0.000000,0.000000,
0.183979,0.000000,0.000000,0.527038,0.467594,0.000000,0.000000,0.000000,0.000000,0.171484,0.000000,0.000000,0.114231,0.000000,0.000000,0.292709,0.000000,0.386524,0.000000,0.507550,0.147886,0.000000,0.000000,0.000000,0.351073,0.000000,0.000000,0.429821,0.000000,0.517204,0.135454,0.204095,0.000000,0.459499,0.000000,0.337239,0.139127,0.486713,0.000000,0.000000,0.384829,0.451378,0.421520,0.270748,0.350925,0.000000,0.413850,0.000000,0.000000,0.440822,0.000000,0.000000,
0.177797,0.000000,0.000000,0.527038,0.475199,0.000000,0.000000,0.000000,0.000000,0.164332,0.000000,0.000000,0.171630,0.000000,0.000000,0.305556,0.000000,0.386524,0.000000,0.507550,0.133913,0.000000,0.000000,0.000000,0.369020,0.000000,0.000000,0.429821,0.000000,0.517204,0.180992,0.284244,0.000000,0.459499,0.000000,0.369158,0.150224,0.486713,0.000000,0.000000,0.384659,0.444513,0.421520,0.280306,0.350925,0.000000,0.413850,0.000000,0.000000,0.492845,0.000000,0.000000,
0.204505,0.000000,0.000000,0.527038,0.479001,0.000000,0.000000,0.000000,0.000000,0.164230,0.000000,0.000000,0.136630,0.000000,0.000000,0.313237,0.000000,0.386524,0.000000,0.507550,0.128886,0.000000,0.000000,0.000000,0.377315,0.000000,0.000000,0.429821,0.000000,0.517204,0.149846,0.327710,0.000000,0.459499,0.000000,0.388209,0.180753,0.486713,0.000000,0.000000,0.384818,0.441080,0.421520,0.285107,0.350925,0.000000,0.413850,0.000000,0.000000,0.519369,0.000000,0.000000,
0.184733,0.000000,0.000000,0.527038,0.480902,0.000000,0.000000,0.000000,0.000000,0.152166,0.000000,0.000000,0.300944,0.000000,0.000000,0.319000,0.000000,0.386524,0.000000,0.507550,0.131852,0.000000,0.000000,0.000000,0.379976,0.000000,0.000000,0.429821,0.000000,0.517204,0.126501,0.349442,0.000000,0.459499,0.000000,0.397777,0.167526,0.486713,0.000000,0.000000,0.384898,0.439364,0.421520,0.287507,0.350925,0.000000,0.413850,0.000000,0.000000,0.348340,0.000000,0.000000,
0.173317,0.000000,0.000000,0.527038,0.481853,0.000000,0.000000,0.000000,0.000000,0.158903,0.000000,0.000000,0.215661,0.000000,0.000000,0.321881,0.000000,0.386524,0.000000,0.507550,0.125197,0.000000,0.000000,0.000000,0.381311,0.000000,0.000000,0.429821,0.000000,0.517204,0.109785,0.232090,0.000000,0.459499,0.000000,0.402560,0.162437,0.486713,0.000000,0.000000,0.384938,0.438506,0.421520,0.291657,0.350925,0.000000,0.413850,0.000000,0.000000,0.233110,0.000000,0.000000,
0.180752,0.000000,0.000000,0.527038,0.482328,0.000000,0.000000,0.000000,0.000000,0.172681,0.000000,0.000000,0.341536,0.000000,0.000000,0.323178,0.000000,0.386524,0.000000,0.507550,0.211516,0.000000,0.000000,0.000000,0.382049,0.000000,0.000000,0.429821,0.000000,0.517204,0.202699,0.173421,0.000000,0.459499,0.000000,0.405042,0.134098,0.486713,0.000000,0.000000,0.384958,0.438077,0.421520,0.294618,0.350925,0.000000,0.413850,0.000000,0.000000,0.168397,0.000000,0.000000,
0.190956,0.000000,0.000000,0.527038,0.482566,0.000000,0.000000,0.000000,0.000000,0.170290,0.000000,0.000000,0.406795,0.000000,0.000000,0.323826,0.000000,0.386524,0.000000,0.507550,0.257628,0.000000,0.000000,0.000000,0.297675,0.000000,0.000000,0.429821,0.000000,0.517204,0.169844,0.144079,0.000000,0.459499,0.000000,0.271235,0.185165,0.486713,0.000000,0.000000,0.384968,0.437862,0.421520,0.290278,0.350925,0.000000,0.413850,0.000000,0.000000,0.141299,0.000000,0.000000,
0.209332,0.000000,0.000000,0.527038,0.482685,0.000000,0.000000,0.000000,0.000000,0.142164,0.000000,0.000000,0.437250,0.000000,0.000000,0.209243,0.000000,0.386524,0.000000,0.507550,0.275388,0.000000,0.000000,0.000000,0.342868,0.000000,0.000000,0.429821,0.000000,0.517204,0.131140,0.170818,0.000000,0.459499,0.000000,0.204078,0.181570,0.486713,0.000000,0.000000,0.384973,0.437800,0.421520,0.290308,0.350925,0.000000,0.413850,0.000000,0.000000,0.339788,0.000000,0.000000,
0.191461,0.000000,0.000000,0.527038,0.482744,0.000000,0.000000,0.000000,0.000000,0.145728,0.000000,0.000000,0.454386,0.000000,0.000000,0.265241,0.000000,0.386524,0.000000,0.507550,0.211958,0.000000,0.000000,0.000000,0.279243,0.000000,0.000000,0.429821,0.000000,0.517204,0.111908,0.153131,0.000000,0.459499,0.000000,0.303302,0.164843,0.486713,0.000000,0.000000,0.384975,0.437769,0.421520,0.290392,0.350925,0.000000,0.413850,0.000000,0.000000,0.257552,0.000000,0.000000,
0.198918,0.000000,0.000000,0.527038,0.482774,0.000000,0.000000,0.000000,0.000000,0.142337,0.000000,0.000000,0.285469,0.000000,0.000000,0.295386,0.000000,0.386524,0.000000,0.507550,0.171340,0.000000,0.000000,0.000000,0.247430,0.000000,0.000000,0.429821,0.000000,0.517204,0.113655,0.183864,0.000000,0.459499,0.000000,0.219972,0.132084,0.486713,0.000000,0.000000,0.384976,0.437753,0.421520,0.296570,0.350925,0.000000,0.413850,0.000000,0.000000,0.307858,0.000000,0.000000,
0.234863,0.000000,0.000000,0.527038,0.482789,0.000000,0.000000,0.000000,0.000000,0.154546,0.000000,0.000000,0.378389,0.000000,0.000000,0.308560,0.000000,0.386524,0.000000,0.507550,0.236955,0.000000,0.000000,0.000000,0.315141,0.000000,0.000000,0.429821,0.000000,0.517204,0.179991,0.190710,0.000000,0.459499,0.000000,0.178354,0.117756,0.486713,0.000000,0.000000,0.384977,0.437746,0.421520,0.296409,0.350925,0.000000,0.413850,0.000000,0.000000,0.389132,0.000000,0.000000,
0.209991,0.000000,0.000000,0.527038,0.482796,0.000000,0.000000,0.000000,0.000000,0.153591,0.000000,0.000000,0.423170,0.000000,0.000000,0.319421,0.000000,0.386524,0.000000,0.507550,0.269770,0.000000,0.000000,0.000000,0.265259,0.000000,0.000000,0.429821,0.000000,0.517204,0.254090,0.202653,0.000000,0.459499,0.000000,0.166562,0.118844,0.486713,0.000000,0.000000,0.384977,0.437742,0.421520,0.296863,0.350925,0.000000,0.413850,0.000000,0.000000,0.274230,0.000000,0.000000,
0.207189,0.000000,0.000000,0.527038,0.482800,0.000000,0.000000,0.000000,0.000000,0.176709,0.000000,0.000000,0.445903,0.000000,0.000000,0.323217,0.000000,0.386524,0.000000,0.507550,0.282061,0.000000,0.000000,0.000000,0.242568,0.000000,0.000000,0.429821,0.000000,0.517204,0.218069,0.286914,0.000000,0.459499,0.000000,0.151938,0.214719,0.486713,0.000000,0.000000,0.384977,0.437740,0.421520,0.290502,0.350925,0.000000,0.413850,0.000000,0.000000,0.406254,0.000000,0.000000,
0.243311,0.000000,0.000000,0.527038,0.482802,0.000000,0.000000,0.000000,0.000000,0.295712,0.000000,0.000000,0.457720,0.000000,0.000000,0.308589,0.000000,0.386524,0.000000,0.507550,0.292469,0.000000,0.000000,0.000000,0.315150,0.000000,0.000000,0.429821,0.000000,0.517204,0.200377,0.329045,0.000000,0.459499,0.000000,0.278244,0.178768,0.486713,0.000000,0.000000,0.384977,0.465150,0.421520,0.270029,0.350925,0.000000,0.413850,0.000000,0.000000,0.472265,0.000000,0.000000,
0.225283,0.000000,0.000000,0.527038,0.482803,0.000000,0.000000,0.000000,0.000000,0.204949,0.000000,0.000000,0.286630,0.000000,0.000000,0.312420,0.000000,0.386524,0.000000,0.507550,0.297884,0.000000,0.000000,0.000000,0.267678,0.000000,0.000000,0.429821,0.000000,0.517204,0.183008,0.350110,0.000000,0.459499,0.000000,0.341397,0.149511,0.486713,0.000000,0.000000,0.385342,0.451444,0.421520,0.254702,0.350925,0.000000,0.413850,0.000000,0.000000,0.328441,0.000000,0.000000,
0.234665,0.000000,0.000000,0.527038,0.482803,0.000000,0.000000,0.000000,0.000000,0.176235,0.000000,0.000000,0.258536,0.000000,0.000000,0.314387,0.000000,0.386524,0.000000,0.507550,0.300592,0.000000,0.000000,0.000000,0.243151,0.000000,0.000000,0.429821,0.000000,0.517204,0.181365,0.273648,0.000000,0.459499,0.000000,0.247850,0.132935,0.486713,0.000000,0.000000,0.444151,0.444591,0.421520,0.275094,0.350925,0.000000,0.413850,0.000000,0.000000,0.261628,0.000000,0.000000,
0.215491,0.000000,0.000000,0.527038,0.482803,0.000000,0.000000,0.000000,0.000000,0.177626,0.000000,0.000000,0.195899,0.000000,0.000000,0.315582,0.000000,0.386524,0.000000,0.507550,0.301946,0.000000,0.000000,0.000000,0.307355,0.000000,0.000000,0.429821,0.000000,0.517204,0.221982,0.235652,0.000000,0.459499,0.000000,0.327159,0.122472,0.486713,0.000000,0.000000,0.473617,0.441164,0.421520,0.285961,0.350925,0.000000,0.413850,0.000000,0.000000,0.188948,0.000000,0.000000,
0.210207,0.000000,0.000000,0.527038,0.482804,0.000000,0.000000,0.000000,0.000000,0.190118,0.000000,0.000000,0.156343,0.000000,0.000000,0.318680,0.000000,0.386524,0.000000,0.507550,0.298929,0.000000,0.000000,0.000000,0.293210,0.000000,0.000000,0.429821,0.000000,0.517204,0.227002,0.185369,0.000000,0.459499,0.000000,0.366813,0.112945,0.486713,0.000000,0.000000,0.429253,0.439451,0.421520,0.291019,0.350925,0.000000,0.413850,0.000000,0.000000,0.148419,0.000000,0.000000,
0.226093,0.000000,0.000000,0.527038,0.482804,0.000000,0.000000,0.000000,0.000000,0.189341,0.000000,0.000000,0.311492,0.000000,0.000000,0.206259,0.000000,0.386524,0.000000,0.507550,0.298757,0.000000,0.000000,0.000000,0.255643,0.000000,0.000000,0.429821,0.000000,0.517204,0.294546,0.196813,0.000000,0.459499,0.000000,0.383747,0.147888,0.486713,0.000000,0.000000,0.406936,0.438594,0.421520,0.293884,0.350925,0.000000,0.413850,0.000000,0.000000,0.128518,0.000000,0.000000,
0.234694,0.000000,0.000000,0.527038,0.482804,0.000000,0.000000,0.000000,0.000000,0.174563,0.000000,0.000000,0.205222,0.000000,0.000000,0.263248,0.000000,0.386524,0.000000,0.507550,0.276547,0.000000,0.000000,0.000000,0.237225,0.000000,0.000000,0.429821,0.000000,0.517204,0.289065,0.197163,0.000000,0.459499,0.000000,0.395072,0.159926,0.486713,0.000000,0.000000,0.460350,0.438166,0.421520,0.291979,0.350925,0.000000,0.413850,0.000000,0.000000,0.145656,0.000000,0.000000,
0.197150,0.000000,0.000000,0.527038,0.482804,0.000000,0.000000,0.000000,0.000000,0.154631,0.000000,0.000000,0.297973,0.000000,0.000000,0.291743,0.000000,0.386524,0.000000,0.507550,0.201550,0.000000,0.000000,0.000000,0.309392,0.000000,0.000000,0.429821,0.000000,0.517204,0.283093,0.202133,0.000000,0.459499,0.000000,0.397877,0.173984,0.486713,0.000000,0.000000,0.488182,0.437952,0.421520,0.294456,0.350925,0.000000,0.413850,0.000000,0.000000,0.163910,0.000000,0.000000,
0.187361,0.000000,0.000000,0.527038,0.482804,0.000000,0.000000,0.000000,0.000000,0.183014,0.000000,0.000000,0.383756,0.000000,0.000000,0.305990,0.000000,0.386524,0.000000,0.507550,0.231646,0.000000,0.000000,0.000000,0.345191,0.000000,0.000000,0.429821,0.000000,0.517204,0.271441,0.199631,0.000000,0.459499,0.000000,0.276324,0.191408,0.486713,0.000000,0.000000,0.495567,0.437845,0.421520,0.290858,0.350925,0.000000,0.413850,0.000000,0.000000,0.140988,0.000000,0.000000,
0.214611,0.000000,0.000000,0.527038,0.482804,0.000000,0.000000,0.000000,0.000000,0.164820,0.000000,0.000000,0.426913,0.000000,0.000000,0.312908,0.000000,0.386524,0.000000,0.507550,0.242762,0.000000,0.000000,0.000000,0.361277,0.000000,0.000000,0.429821,0.000000,0.517204,0.182295,0.206435,0.000000,0.459499,0.000000,0.338646,0.283245,0.486713,0.000000,0.000000,0.387360,0.437791,0.421520,0.289885,0.350926,0.000000,0.413850,0.000000,0.000000,0.132271,0.000000,0.000000,
0.200918,0.000000,0.000000,0.527038,0.482804,0.000000,0.000000,0.000000,0.000000,0.133182,0.000000,0.000000,0.447170,0.000000,0.000000,0.316565,0.000000,0.386524,0.000000,0.507550,0.264418,0.000000,0.000000,0.000000,0.368252,0.000000,0.000000,0.429821,0.000000,0.517204,0.148861,0.263918,0.000000,0.459499,0.000000,0.372900,0.231912,0.486713,0.000000,0.000000,0.335951,0.437765,0.421520,0.295954,0.350926,0.000000,0.413850,0.000000,0.000000,0.127150,0.000000,0.000000,
0.180513,0.000000,0.000000,0.527038,0.482804,0.000000,0.000000,0.000000,0.000000,0.121519,0.000000,0.000000,0.419166,0.000000,0.000000,0.316398,0.000000,0.386524,0.000000,0.507550,0.297687,0.000000,0.000000,0.000000,0.323771,0.000000,0.000000,0.429821,0.000000,0.517204,0.179042,0.238578,0.000000,0.459499,0.000000,0.386627,0.188860,0.486713,0.000000,0.000000,0.359972,0.437751,0.421520,0.298989,0.350926,0.000000,0.413850,0.000000,0.000000,0.335830,0.000000,0.000000,
0.174863,0.000000,0.000000,0.527038,0.482804,0.000000,0.000000,0.000000,0.000000,0.112786,0.000000,0.000000,0.443979,0.000000,0.000000,0.316687,0.000000,0.386524,0.000000,0.507550,0.196838,0.000000,0.000000,0.000000,0.350957,0.000000,0.000000,0.429821,0.000000,0.517204,0.145757,0.216868,0.000000,0.459499,0.000000,0.393491,0.173745,0.486713,0.000000,0.000000,0.372196,0.437744,0.421520,0.294086,0.350926,0.000000,0.413850,0.000000,0.000000,0.264959,0.000000,0.000000,
0.192507,0.000000,0.000000,0.527038,0.482804,0.000000,0.000000,0.000000,0.000000,0.123255,0.000000,0.000000,0.456346,0.000000,0.000000,0.318453,0.000000,0.386524,0.000000,0.507550,0.243018,0.000000,0.000000,0.000000,0.365401,0.000000,0.000000,0.429821,0.000000,0.517204,0.125821,0.214059,0.000000,0.459499,0.000000,0.396923,0.166034,0.486713,0.000000,0.000000,0.378094,0.465153,0.421520,0.298054,0.350926,0.000000,0.413850,0.000000,0.000000,0.406024,0.000000,0.000000,
0.216162,0.000000,0.000000,0.527038,0.482804,0.000000,0.000000,0.000000,0.000000,0.139572,0.000000,0.000000,0.462300,0.000000,0.000000,0.319336,0.000000,0.386524,0.000000,0.507550,0.263349,0.000000,0.000000,0.000000,0.370713,0.000000,0.000000,0.429821,0.000000,0.517204,0.165257,0.267107,0.000000,0.459499,0.000000,0.398639,0.171396,0.486713,0.000000,0.000000,0.381043,0.451445,0.421520,0.300039,0.350926,0.000000,0.413850,0.000000,0.000000,0.472997,0.000000,0.000000,
0.213384,0.000000,0.000000,0.527038,0.482804,0.000000,0.000000,0.000000,0.000000,0.154801,0.000000,0.000000,0.465648,0.000000,0.000000,0.322411,0.000000,0.386524,0.000000,0.507550,0.280187,0.000000,0.000000,0.000000,0.373139,0.000000,0.000000,0.429821,0.000000,0.517204,0.128872,0.200284,0.000000,0.459499,0.000000,0.399497,0.176960,0.486713,0.000000,0.000000,0.334348,0.444546,0.421520,0.294214,0.350926,0.000000,0.413850,0.000000,0.000000,0.508750,0.000000,0.000000,
0.199079,0.000000,0.000000,0.527038,0.482804,0.000000,0.000000,0.000000,0.000000,0.153650,0.000000,0.000000,0.304066,0.000000,0.000000,0.321526,0.000000,0.386524,0.000000,0.507550,0.187158,0.000000,0.000000,0.000000,0.374352,0.000000,0.000000,0.429821,0.000000,0.517204,0.188632,0.166872,0.000000,0.459499,0.000000,0.400199,0.176789,0.486713,0.000000,0.000000,0.359384,0.441097,0.421520,0.297727,0.350926,0.000000,0.413850,0.000000,0.000000,0.352724,0.000000,0.000000,
0.215742,0.000000,0.000000,0.527038,0.482804,0.000000,0.000000,0.000000,0.000000,0.139458,0.000000,0.000000,0.230861,0.000000,0.000000,0.321401,0.000000,0.386524,0.000000,0.507550,0.242557,0.000000,0.000000,0.000000,0.379524,0.000000,0.000000,0.429821,0.000000,0.517204,0.145996,0.150166,0.000000,0.459499,0.000000,0.400584,0.154701,0.486713,0.000000,0.000000,0.371901,0.439372,0.421520,0.292993,0.350926,0.000000,0.413850,0.000000,0.000000,0.232244,0.000000,0.000000,
0.207710,0.000000,0.000000,0.527038,0.482804,0.000000,0.000000,0.000000,0.000000,0.128948,0.000000,0.000000,0.349186,0.000000,0.000000,0.310559,0.000000,0.386524,0.000000,0.507550,0.270035,0.000000,0.000000,0.000000,0.379053,0.000000,0.000000,0.429821,0.000000,0.517204,0.153636,0.228141,0.000000,0.459499,0.000000,0.402238,0.131050,0.486713,0.000000,0.000000,0.378160,0.438555,0.421520,0.290691,0.350926,0.000000,0.413850,0.000000,0.000000,0.168609,0.000000,0.000000,
0.228129,0.000000,0.000000,0.527038,0.482804,0.000000,0.000000,0.000000,0.000000,0.136379,0.000000,0.000000,0.259875,0.000000,0.000000,0.322326,0.000000,0.386524,0.000000,0.507550,0.285314,0.000000,0.000000,0.000000,0.329639,0.000000,0.000000,0.429821,0.000000,0.517204,0.257528,0.299653,0.000000,0.459499,0.000000,0.269670,0.116505,0.486713,0.000000,0.000000,0.381290,0.438146,0.421520,0.289599,0.350926,0.000000,0.413850,0.000000,0.000000,0.148268,0.000000,0.000000,
0.201710,0.000000,0.000000,0.527038,0.482804,0.000000,0.000000,0.000000,0.000000,0.161103,0.000000,0.000000,0.188072,0.000000,0.000000,0.207546,0.000000,0.386524,0.000000,0.507550,0.292464,0.000000,0.000000,0.000000,0.357773,0.000000,0.000000,0.429821,0.000000,0.517204,0.230334,0.335728,0.000000,0.459499,0.000000,0.336713,0.134309,0.486713,0.000000,0.000000,0.382854,0.437942,0.421520,0.289493,0.350926,0.000000,0.413850,0.000000,0.000000,0.162396,0.000000,0.000000,
0.201283,0.000000,0.000000,0.527038,0.482804,0.000000,0.000000,0.000000,0.000000,0.148400,0.000000,0.000000,0.235315,0.000000,0.000000,0.150444,0.000000,0.386524,0.000000,0.507550,0.277084,0.000000,0.000000,0.000000,0.320312,0.000000,0.000000,0.429821,0.000000,0.517204,0.224370,0.237475,0.000000,0.459499,0.000000,0.245758,0.190551,0.486713,0.000000,0.000000,0.383637,0.437795,0.421520,0.289095,0.350925,0.000000,0.413850,0.000000,0.000000,0.356010,0.000000,0.000000,
0.224351,0.000000,0.000000,0.527038,0.482804,0.000000,0.000000,0.000000,0.000000,0.143143,0.000000,0.000000,0.164770,0.000000,0.000000,0.244716,0.000000,0.386524,0.000000,0.507550,0.285639,0.000000,0.000000,0.000000,0.350242,0.000000,0.000000,0.429821,0.000000,0.517204,0.183512,0.304639,0.000000,0.459499,0.000000,0.196167,0.196849,0.486713,0.000000,0.000000,0.384028,0.437766,0.421520,0.289585,0.350925,0.000000,0.413850,0.000000,0.000000,0.451751,0.000000,0.000000,
0.201045,0.000000,0.000000,0.527038,0.482804,0.000000,0.000000,0.000000,0.000000,0.141778,0.000000,0.000000,0.223768,0.000000,0.000000,0.280019,0.000000,0.386524,0.000000,0.507550,0.291026,0.000000,0.000000,0.000000,0.369754,0.000000,0.000000,0.429821,0.000000,0.517204,0.196658,0.338221,0.000000,0.459499,0.000000,0.166474,0.190635,0.486713,0.000000,0.000000,0.383948,0.437752,0.421520,0.289829,0.350925,0.000000,0.413850,0.000000,0.000000,0.501799,0.000000,0.000000,
0.192104,0.000000,0.000000,0.527038,0.482804,0.000000,0.000000,0.000000,0.000000,0.143661,0.000000,0.000000,0.196449,0.000000,0.000000,0.300885,0.000000,0.386524,0.000000,0.507550,0.276758,0.000000,0.000000,0.000000,0.327247,0.000000,0.000000,0.429821,0.000000,0.517204,0.199478,0.238722,0.000000,0.459499,0.000000,0.186450,0.155364,0.486713,0.000000,0.000000,0.384186,0.437745,0.421520,0.289952,0.350925,0.000000,0.413850,0.000000,0.000000,0.313930,0.000000,0.000000,
0.212793,0.000000,0.000000,0.527038,0.482804,0.000000,0.000000,0.000000,0.000000,0.173040,0.000000,0.000000,0.144847,0.000000,0.000000,0.322626,0.000000,0.386524,0.000000,0.507550,0.290265,0.000000,0.000000,0.000000,0.352713,0.000000,0.000000,0.429821,0.000000,0.517204,0.218897,0.305263,0.000000,0.459499,0.000000,0.196438,0.158609,0.486713,0.000000,0.000000,0.384305,0.437741,0.421520,0.290013,0.350925,0.000000,0.413850,0.000000,0.000000,0.248780,0.000000,0.000000,
0.200375,0.000000,0.000000,0.527038,0.482804,0.000000,0.000000,0.000000,0.000000,0.174176,0.000000,0.000000,0.121872,0.000000,0.000000,0.333335,0.000000,0.386524,0.000000,0.507550,0.297307,0.000000,0.000000,0.000000,0.287712,0.000000,0.000000,0.429821,0.000000,0.517204,0.180036,0.338533,0.000000,0.459499,0.000000,0.166371,0.157793,0.486713,0.000000,0.000000,0.384364,0.437740,0.421520,0.290043,0.350925,0.000000,0.413850,0.000000,0.000000,0.183526,0.000000,0.000000,
0.208620,0.000000,0.000000,0.527038,0.482804,0.000000,0.000000,0.000000,0.000000,0.170886,0.000000,0.000000,0.298458,0.000000,0.000000,0.323838,0.000000,0.386524,0.000000,0.507550,0.300400,0.000000,0.000000,0.000000,0.333171,0.000000,0.000000,0.429821,0.000000,0.517204,0.136222,0.238878,0.000000,0.459499,0.000000,0.269770,0.164286,0.486713,0.000000,0.000000,0.336051,0.437739,0.421520,0.290059,0.350925,0.000000,0.413850,0.000000,0.000000,0.363426,0.000000,0.000000,
0.228892,0.000000,0.000000,0.527038,0.482804,0.000000,0.000000,0.000000,0.000000,0.179276,0.000000,0.000000,0.346235,0.000000,0.000000,0.334197,0.000000,0.386524,0.000000,0.507550,0.305406,0.000000,0.000000,0.000000,0.277365,0.000000,0.000000,0.429821,0.000000,0.517204,0.136367,0.305341,0.000000,0.459499,0.000000,0.320224,0.173016,0.486713,0.000000,0.000000,0.359268,0.437738,0.421520,0.290066,0.350925,0.000000,0.413850,0.000000,0.000000,0.456679,0.000000,0.000000,
0.227448,0.000000,0.000000,0.527038,0.482804,0.000000,0.000000,0.000000,0.000000,0.180523,0.000000,0.000000,0.314439,0.000000,0.000000,0.330891,0.000000,0.386524,0.000000,0.507550,0.232253,0.000000,0.000000,0.000000,0.279648,0.000000,0.000000,0.429821,0.000000,0.517204,0.158801,0.338572,0.000000,0.459499,0.000000,0.263305,0.172787,0.486713,0.000000,0.000000,0.371846,0.437693,0.421520,0.289787,0.350925,0.000000,0.413850,0.000000,0.000000,0.405832,0.000000,0.000000,
0.194243,0.000000,0.000000,0.527038,0.482804,0.000000,0.000000,0.000000,0.000000,0.164751,0.000000,0.000000,0.254546,0.000000,0.000000,0.328789,0.000000,0.386524,0.000000,0.507550,0.175685,0.000000,0.000000,0.000000,0.248730,0.000000,0.000000,0.429821,0.000000,0.517204,0.216770,0.355188,0.000000,0.459499,0.000000,0.317047,0.164443,0.486713,0.000000,0.000000,0.437463,0.437715,0.421520,0.282611,0.350925,0.000000,0.413850,0.000000,0.000000,0.307561,0.000000,0.000000,
0.188160,0.000000,0.000000,0.527038,0.482804,0.000000,0.000000,0.000000,0.000000,0.147212,0.000000,0.000000,0.188416,0.000000,0.000000,0.328457,0.000000,0.386524,0.000000,0.507550,0.135750,0.000000,0.000000,0.000000,0.264879,0.000000,0.000000,0.429821,0.000000,0.517204,0.216526,0.247205,0.000000,0.459499,0.000000,0.226612,0.139757,0.486713,0.000000,0.000000,0.470272,0.437727,0.421520,0.285822,0.350925,0.000000,0.413850,0.000000,0.000000,0.214812,0.000000,0.000000,
0.181907,0.000000,0.000000,0.527038,0.482804,0.000000,0.000000,0.000000,0.000000,0.241096,0.000000,0.000000,0.328598,0.000000,0.000000,0.325884,0.000000,0.386524,0.000000,0.507550,0.210306,0.000000,0.000000,0.000000,0.273330,0.000000,0.000000,0.429821,0.000000,0.517204,0.175219,0.193214,0.000000,0.459499,0.000000,0.217085,0.155880,0.486713,0.000000,0.000000,0.427655,0.437687,0.421520,0.288051,0.350925,0.000000,0.413850,0.000000,0.000000,0.163159,0.000000,0.000000,
0.196577,0.000000,0.000000,0.527038,0.482804,0.000000,0.000000,0.000000,0.000000,0.215576,0.000000,0.000000,0.399001,0.000000,0.000000,0.324240,0.000000,0.386524,0.000000,0.507550,0.159536,0.000000,0.000000,0.000000,0.278913,0.000000,0.000000,0.429821,0.000000,0.517204,0.177603,0.166218,0.000000,0.459499,0.000000,0.310462,0.169697,0.486713,0.000000,0.000000,0.465283,0.437667,0.421520,0.263097,0.350925,0.000000,0.413850,0.000000,0.000000,0.359228,0.000000,0.000000,
0.218424,0.000000,0.000000,0.527038,0.482804,0.000000,0.000000,0.000000,0.000000,0.174067,0.000000,0.000000,0.432373,0.000000,0.000000,0.323311,0.000000,0.386524,0.000000,0.507550,0.241718,0.000000,0.000000,0.000000,0.278546,0.000000,0.000000,0.429821,0.000000,0.517204,0.174272,0.236446,0.000000,0.459499,0.000000,0.223649,0.168421,0.486713,0.000000,0.000000,0.484182,0.437703,0.421520,0.275842,0.350925,0.000000,0.413850,0.000000,0.000000,0.275980,0.000000,0.000000,
0.209360,0.000000,0.000000,0.527038,0.482804,0.000000,0.000000,0.000000,0.000000,0.258678,0.000000,0.000000,0.358159,0.000000,0.000000,0.323078,0.000000,0.386524,0.000000,0.507550,0.284836,0.000000,0.000000,0.000000,0.248749,0.000000,0.000000,0.429821,0.000000,0.517204,0.133834,0.210491,0.000000,0.459499,0.000000,0.215022,0.179415,0.486713,0.000000,0.000000,0.434659,0.437720,0.421520,0.281391,0.350925,0.000000,0.413850,0.000000,0.000000,0.199575,0.000000,0.000000,
0.196528,0.000000,0.000000,0.527038,0.482804,0.000000,0.000000,0.000000,0.000000,0.220336,0.000000,0.000000,0.276017,0.000000,0.000000,0.322127,0.000000,0.386524,0.000000,0.507550,0.273452,0.000000,0.000000,0.000000,0.316275,0.000000,0.000000,0.429821,0.000000,0.517204,0.158249,0.211147,0.000000,0.459499,0.000000,0.210996,0.153510,0.486713,0.000000,0.000000,0.360761,0.437729,0.421520,0.292234,0.350925,0.000000,0.413850,0.000000,0.000000,0.158060,0.000000,0.000000,
0.199185,0.000000,0.000000,0.527038,0.456111,0.000000,0.000000,0.000000,0.000000,0.201708,0.000000,0.000000,0.372414,0.000000,0.000000,0.322397,0.000000,0.386524,0.000000,0.507550,0.289104,0.000000,0.000000,0.000000,0.355121,0.000000,0.000000,0.429821,0.000000,0.517204,0.125677,0.211476,0.000000,0.459499,0.000000,0.307619,0.136544,0.486713,0.000000,0.000000,0.324252,0.437733,0.421520,0.297655,0.350925,0.000000,0.413850,0.000000,0.000000,0.131560,0.000000,0.000000,
0.205429,0.000000,0.000000,0.527038,0.469458,0.000000,0.000000,0.000000,0.000000,0.183520,0.000000,0.000000,0.420660,0.000000,0.000000,0.320809,0.000000,0.386524,0.000000,0.507550,0.297068,0.000000,0.000000,0.000000,0.374544,0.000000,0.000000,0.429821,0.000000,0.517204,0.145513,0.265967,0.000000,0.459499,0.000000,0.339112,0.158303,0.486713,0.000000,0.000000,0.413666,0.437736,0.421520,0.292975,0.350925,0.000000,0.413850,0.000000,0.000000,0.344391,0.000000,0.000000,
0.230030,0.000000,0.000000,0.527038,0.476131,0.000000,0.000000,0.000000,0.000000,0.182753,0.000000,0.000000,0.443659,0.000000,0.000000,0.321013,0.000000,0.386524,0.000000,0.507550,0.195278,0.000000,0.000000,0.000000,0.382140,0.000000,0.000000,0.429821,0.000000,0.517204,0.160610,0.199861,0.000000,0.459499,0.000000,0.273215,0.154513,0.486713,0.000000,0.000000,0.458374,0.437737,0.421520,0.291567,0.350925,0.000000,0.413850,0.000000,0.000000,0.274500,0.000000,0.000000,
0.217400,0.000000,0.000000,0.527038,0.479467,0.000000,0.000000,0.000000,0.000000,0.187141,0.000000,0.000000,0.364712,0.000000,0.000000,0.312064,0.000000,0.386524,0.000000,0.507550,0.250425,0.000000,0.000000,0.000000,0.388423,0.000000,0.000000,0.429821,0.000000,0.517204,0.174698,0.205832,0.000000,0.459499,0.000000,0.321876,0.176586,0.486713,0.000000,0.000000,0.480727,0.437737,0.421520,0.290863,0.350925,0.000000,0.413850,0.000000,0.000000,0.192975,0.000000,0.000000,
0.194332,0.000000,0.000000,0.527038,0.481135,0.000000,0.000000,0.000000,0.000000,0.171489,0.000000,0.000000,0.416941,0.000000,0.000000,0.311931,0.000000,0.386524,0.000000,0.507550,0.274126,0.000000,0.000000,0.000000,0.387282,0.000000,0.000000,0.429821,0.000000,0.517204,0.206676,0.263145,0.000000,0.459499,0.000000,0.264045,0.205725,0.486713,0.000000,0.000000,0.491904,0.465149,0.421520,0.286327,0.350925,0.000000,0.413850,0.000000,0.000000,0.145416,0.000000,0.000000,
0.179430,0.000000,0.000000,0.527038,0.481970,0.000000,0.000000,0.000000,0.000000,0.156814,0.000000,0.000000,0.442911,0.000000,0.000000,0.311978,0.000000,0.386524,0.000000,0.507550,0.203614,0.000000,0.000000,0.000000,0.390896,0.000000,0.000000,0.429821,0.000000,0.517204,0.184230,0.238883,0.000000,0.459499,0.000000,0.235398,0.177390,0.486713,0.000000,0.000000,0.497493,0.451443,0.421520,0.258984,0.350925,0.000000,0.413850,0.000000,0.000000,0.129755,0.000000,0.000000,
0.186829,0.000000,0.000000,0.527038,0.482387,0.000000,0.000000,0.000000,0.000000,0.167045,0.000000,0.000000,0.456031,0.000000,0.000000,0.310012,0.000000,0.386524,0.000000,0.507550,0.154754,0.000000,0.000000,0.000000,0.388518,0.000000,0.000000,0.429821,0.000000,0.517204,0.214371,0.217243,0.000000,0.459499,0.000000,0.302983,0.171010,0.486713,0.000000,0.000000,0.500287,0.444591,0.421520,0.273959,0.350925,0.000000,0.413850,0.000000,0.000000,0.160462,0.000000,0.000000,
0.204941,0.000000,0.000000,0.527038,0.482595,0.000000,0.000000,0.000000,0.000000,0.156052,0.000000,0.000000,0.460727,0.000000,0.000000,0.306296,0.000000,0.386524,0.000000,0.507550,0.221154,0.000000,0.000000,0.000000,0.387329,0.000000,0.000000,0.429821,0.000000,0.517204,0.180754,0.175498,0.000000,0.459499,0.000000,0.254742,0.240622,0.486713,0.000000,0.000000,0.501684,0.441119,0.421520,0.281402,0.350925,0.000000,0.413850,0.000000,0.000000,0.177795,0.000000,0.000000,
0.192364,0.000000,0.000000,0.527038,0.482699,0.000000,0.000000,0.000000,0.000000,0.161284,0.000000,0.000000,0.289123,0.000000,0.000000,0.307199,0.000000,0.386524,0.000000,0.507550,0.260881,0.000000,0.000000,0.000000,0.384127,0.000000,0.000000,0.429821,0.000000,0.517204,0.160357,0.193651,0.000000,0.459499,0.000000,0.204691,0.227679,0.486713,0.000000,0.000000,0.502382,0.439428,0.421520,0.285667,0.350925,0.000000,0.413850,0.000000,0.000000,0.139813,0.000000,0.000000,
0.188505,0.000000,0.000000,0.527038,0.482752,0.000000,0.000000,0.000000,0.000000,0.164571,0.000000,0.000000,0.377446,0.000000,0.000000,0.311878,0.000000,0.386524,0.000000,0.507550,0.177795,0.000000,0.000000,0.000000,0.382713,0.000000,0.000000,0.429821,0.000000,0.517204,0.168040,0.194813,0.000000,0.459499,0.000000,0.287629,0.168985,0.486713,0.000000,0.000000,0.502732,0.438538,0.421520,0.287998,0.350925,0.000000,0.413850,0.000000,0.000000,0.121439,0.000000,0.000000,
0.208678,0.000000,0.000000,0.527038,0.482778,0.000000,0.000000,0.000000,0.000000,0.155998,0.000000,0.000000,0.421444,0.000000,0.000000,0.316174,0.000000,0.386524,0.000000,0.507550,0.163995,0.000000,0.000000,0.000000,0.385882,0.000000,0.000000,0.429821,0.000000,0.517204,0.165878,0.201297,0.000000,0.459499,0.000000,0.247043,0.143381,0.486713,0.000000,0.000000,0.502906,0.438093,0.421520,0.250623,0.350925,0.000000,0.413850,0.000000,0.000000,0.115074,0.000000,0.000000,
0.193880,0.000000,0.000000,0.527038,0.482791,0.000000,0.000000,0.000000,0.000000,0.150560,0.000000,0.000000,0.443236,0.000000,0.000000,0.318096,0.000000,0.386524,0.000000,0.507550,0.164074,0.000000,0.000000,0.000000,0.383305,0.000000,0.000000,0.429821,0.000000,0.517204,0.180596,0.198228,0.000000,0.459499,0.000000,0.226751,0.119293,0.486713,0.000000,0.000000,0.502994,0.437870,0.421520,0.269815,0.350925,0.000000,0.413850,0.000000,0.000000,0.116795,0.000000,0.000000,
0.173223,0.000000,0.000000,0.527038,0.482797,0.000000,0.000000,0.000000,0.000000,0.173155,0.000000,0.000000,0.454510,0.000000,0.000000,0.320266,0.000000,0.386524,0.000000,0.507550,0.163789,0.000000,0.000000,0.000000,0.382241,0.000000,0.000000,0.429821,0.000000,0.517204,0.208708,0.205223,0.000000,0.459499,0.000000,0.313651,0.120414,0.486713,0.000000,0.000000,0.503037,0.437759,0.421520,0.279600,0.350925,0.000000,0.413850,0.000000,0.000000,0.336648,0.000000,0.000000,
0.175307,0.000000,0.000000,0.527038,0.482800,0.000000,0.000000,0.000000,0.000000,0.165542,0.000000,0.000000,0.325268,0.000000,0.000000,0.316978,0.000000,0.386524,0.000000,0.507550,0.230085,0.000000,0.000000,0.000000,0.381190,0.000000,0.000000,0.429821,0.000000,0.517204,0.150637,0.197424,0.000000,0.459499,0.000000,0.358619,0.144599,0.486713,0.000000,0.000000,0.503059,0.465160,0.421520,0.280696,0.350925,0.000000,0.413850,0.000000,0.000000,0.445034,0.000000,0.000000,
0.201680,0.000000,0.000000,0.527038,0.482802,0.000000,0.000000,0.000000,0.000000,0.142690,0.000000,0.000000,0.260158,0.000000,0.000000,0.320747,0.000000,0.386524,0.000000,0.507550,0.263637,0.000000,0.000000,0.000000,0.378165,0.000000,0.000000,0.429821,0.000000,0.517204,0.144320,0.202552,0.000000,0.459499,0.000000,0.379585,0.144787,0.486713,0.000000,0.000000,0.503070,0.478860,0.421520,0.277494,0.350925,0.000000,0.413850,0.000000,0.000000,0.323750,0.000000,0.000000,
0.217718,0.000000,0.000000,0.527038,0.482803,0.000000,0.000000,0.000000,0.000000,0.143763,0.000000,0.000000,0.189574,0.000000,0.000000,0.324132,0.000000,0.386524,0.000000,0.507550,0.280654,0.000000,0.000000,0.000000,0.377315,0.000000,0.000000,0.429821,0.000000,0.517204,0.150320,0.287018,0.000000,0.459499,0.000000,0.375181,0.122757,0.486713,0.000000,0.000000,0.395404,0.485711,0.421520,0.279306,0.350925,0.000000,0.413850,0.000000,0.000000,0.216685,0.000000,0.000000,
0.230776,0.000000,0.000000,0.527038,0.482803,0.000000,0.000000,0.000000,0.000000,0.131556,0.000000,0.000000,0.327445,0.000000,0.000000,0.324259,0.000000,0.386524,0.000000,0.507550,0.289376,0.000000,0.000000,0.000000,0.326914,0.000000,0.000000,0.429821,0.000000,0.517204,0.172226,0.247503,0.000000,0.459499,0.000000,0.291144,0.121231,0.486713,0.000000,0.000000,0.389947,0.489136,0.421520,0.280714,0.350925,0.000000,0.413850,0.000000,0.000000,0.167720,0.000000,0.000000,
0.209748,0.000000,0.000000,0.527038,0.482803,0.000000,0.000000,0.000000,0.000000,0.157191,0.000000,0.000000,0.223153,0.000000,0.000000,0.325900,0.000000,0.386524,0.000000,0.507550,0.286485,0.000000,0.000000,0.000000,0.350201,0.000000,0.000000,0.429821,0.000000,0.517204,0.147683,0.221588,0.000000,0.459499,0.000000,0.330976,0.111272,0.486713,0.000000,0.000000,0.331900,0.490848,0.421520,0.281481,0.350925,0.000000,0.413850,0.000000,0.000000,0.133871,0.000000,0.000000,
0.207267,0.000000,0.000000,0.527038,0.482804,0.000000,0.000000,0.000000,0.000000,0.171297,0.000000,0.000000,0.159231,0.000000,0.000000,0.325406,0.000000,0.386524,0.000000,0.507550,0.290865,0.000000,0.000000,0.000000,0.361291,0.000000,0.000000,0.429821,0.000000,0.517204,0.139939,0.214672,0.000000,0.459499,0.000000,0.269042,0.121940,0.486713,0.000000,0.000000,0.358386,0.491705,0.421520,0.282214,0.350925,0.000000,0.413850,0.000000,0.000000,0.158972,0.000000,0.000000,
0.200957,0.000000,0.000000,0.527038,0.482804,0.000000,0.000000,0.000000,0.000000,0.178988,0.000000,0.000000,0.312427,0.000000,0.000000,0.325213,0.000000,0.386524,0.000000,0.507550,0.294066,0.000000,0.000000,0.000000,0.315992,0.000000,0.000000,0.429821,0.000000,0.517204,0.163429,0.211227,0.000000,0.459499,0.000000,0.238075,0.109865,0.486713,0.000000,0.000000,0.371682,0.492133,0.421520,0.282580,0.350925,0.000000,0.413850,0.000000,0.000000,0.135239,0.000000,0.000000,
0.213623,0.000000,0.000000,0.527038,0.482804,0.000000,0.000000,0.000000,0.000000,0.186556,0.000000,0.000000,0.390731,0.000000,0.000000,0.325117,0.000000,0.386524,0.000000,0.507550,0.296088,0.000000,0.000000,0.000000,0.342906,0.000000,0.000000,0.429821,0.000000,0.517204,0.128030,0.200450,0.000000,0.459499,0.000000,0.304426,0.132820,0.486713,0.000000,0.000000,0.378330,0.492347,0.421520,0.282763,0.350925,0.000000,0.413850,0.000000,0.000000,0.118311,0.000000,0.000000,
0.226748,0.000000,0.000000,0.527038,0.482804,0.000000,0.000000,0.000000,0.000000,0.178243,0.000000,0.000000,0.427946,0.000000,0.000000,0.325138,0.000000,0.386524,0.000000,0.507550,0.274426,0.000000,0.000000,0.000000,0.355505,0.000000,0.000000,0.429821,0.000000,0.517204,0.115436,0.167070,0.000000,0.459499,0.000000,0.255767,0.116490,0.486713,0.000000,0.000000,0.381654,0.492454,0.421520,0.282855,0.350925,0.000000,0.413850,0.000000,0.000000,0.119384,0.000000,0.000000,
0.202019,0.000000,0.000000,0.527038,0.482804,0.000000,0.000000,0.000000,0.000000,0.148329,0.000000,0.000000,0.446144,0.000000,0.000000,0.325661,0.000000,0.386524,0.000000,0.507550,0.283654,0.000000,0.000000,0.000000,0.364527,0.000000,0.000000,0.429821,0.000000,0.517204,0.220007,0.189691,0.000000,0.459499,0.000000,0.231437,0.113158,0.486713,0.000000,0.000000,0.383315,0.492507,0.421520,0.282901,0.350925,0.000000,0.413850,0.000000,0.000000,0.156094,0.000000,0.000000,
0.193775,0.000000,0.000000,0.527038,0.482804,0.000000,0.000000,0.000000,0.000000,0.170540,0.000000,0.000000,0.455470,0.000000,0.000000,0.319297,0.000000,0.386524,0.000000,0.507550,0.290734,0.000000,0.000000,0.000000,0.366347,0.000000,0.000000,0.429821,0.000000,0.517204,0.188623,0.198817,0.000000,0.459499,0.000000,0.301002,0.122294,0.486713,0.000000,0.000000,0.384146,0.492534,0.421520,0.282923,0.350925,0.000000,0.413850,0.000000,0.000000,0.258929,0.000000,0.000000,
0.195849,0.000000,0.000000,0.527038,0.482804,0.000000,0.000000,0.000000,0.000000,0.154240,0.000000,0.000000,0.459838,0.000000,0.000000,0.314183,0.000000,0.386524,0.000000,0.507550,0.275483,0.000000,0.000000,0.000000,0.369619,0.000000,0.000000,0.429821,0.000000,0.517204,0.151725,0.203378,0.000000,0.459499,0.000000,0.254055,0.110905,0.486713,0.000000,0.000000,0.384562,0.465136,0.421520,0.282935,0.350925,0.000000,0.413850,0.000000,0.000000,0.186488,0.000000,0.000000,
0.214490,0.000000,0.000000,0.527038,0.482804,0.000000,0.000000,0.000000,0.000000,0.174385,0.000000,0.000000,0.462065,0.000000,0.000000,0.311753,0.000000,0.386524,0.000000,0.507550,0.268527,0.000000,0.000000,0.000000,0.371256,0.000000,0.000000,0.429821,0.000000,0.517204,0.149865,0.207641,0.000000,0.459499,0.000000,0.230581,0.154237,0.486713,0.000000,0.000000,0.384770,0.451437,0.421520,0.282941,0.350925,0.000000,0.413850,0.000000,0.000000,0.147142,0.000000,0.000000,
0.248689,0.000000,0.000000,0.527038,0.482804,0.000000,0.000000,0.000000,0.000000,0.161741,0.000000,0.000000,0.462657,0.000000,0.000000,0.310647,0.000000,0.386524,0.000000,0.507550,0.279128,0.000000,0.000000,0.000000,0.321842,0.000000,0.000000,0.429821,0.000000,0.517204,0.154323,0.201448,0.000000,0.459499,0.000000,0.300679,0.162277,0.486713,0.000000,0.000000,0.384874,0.444587,0.421520,0.282943,0.350925,0.000000,0.413850,0.000000,0.000000,0.128782,0.000000,0.000000,
0.220612,0.000000,0.000000,0.527038,0.482804,0.000000,0.000000,0.000000,0.000000,0.153008,0.000000,0.000000,0.462857,0.000000,0.000000,0.311996,0.000000,0.386524,0.000000,0.507550,0.270304,0.000000,0.000000,0.000000,0.297553,0.000000,0.000000,0.429821,0.000000,0.517204,0.132116,0.167569,0.000000,0.459499,0.000000,0.218349,0.138073,0.486713,0.000000,0.000000,0.384926,0.441163,0.421520,0.282945,0.350925,0.000000,0.413850,0.000000,0.000000,0.112747,0.000000,0.000000,
0.230435,0.000000,0.000000,0.527038,0.482804,0.000000,0.000000,0.000000,0.000000,0.132624,0.000000,0.000000,0.463716,0.000000,0.000000,0.313826,0.000000,0.386524,0.000000,0.507550,0.283800,0.000000,0.000000,0.000000,0.337835,0.000000,0.000000,0.429821,0.000000,0.517204,0.112521,0.150803,0.000000,0.459499,0.000000,0.177545,0.120467,0.486713,0.000000,0.000000,0.384952,0.439405,0.421520,0.282946,0.350925,0.000000,0.413850,0.000000,0.000000,0.107227,0.000000,0.000000,
0.217547,0.000000,0.000000,0.527038,0.482804,0.000000,0.000000,0.000000,0.000000,0.139330,0.000000,0.000000,0.424914,0.000000,0.000000,0.315680,0.000000,0.386524,0.000000,0.507550,0.272732,0.000000,0.000000,0.000000,0.309313,0.000000,0.000000,0.429821,0.000000,0.517204,0.176495,0.179272,0.000000,0.459499,0.000000,0.162122,0.132046,0.486713,0.000000,0.000000,0.384964,0.438526,0.421520,0.282946,0.350925,0.000000,0.413850,0.000000,0.000000,0.226654,0.000000,0.000000,
0.210864,0.000000,0.000000,0.527038,0.482804,0.000000,0.000000,0.000000,0.000000,0.147018,0.000000,0.000000,0.266058,0.000000,0.000000,0.314384,0.000000,0.386524,0.000000,0.507550,0.285149,0.000000,0.000000,0.000000,0.343747,0.000000,0.000000,0.429821,0.000000,0.517204,0.200474,0.159113,0.000000,0.459499,0.000000,0.149252,0.153856,0.486713,0.000000,0.000000,0.384971,0.438087,0.421520,0.282946,0.350925,0.000000,0.413850,0.000000,0.000000,0.200052,0.000000,0.000000,
0.221032,0.000000,0.000000,0.527038,0.482804,0.000000,0.000000,0.000000,0.000000,0.159059,0.000000,0.000000,0.201773,0.000000,0.000000,0.312807,0.000000,0.386524,0.000000,0.507550,0.291357,0.000000,0.000000,0.000000,0.279381,0.000000,0.000000,0.429821,0.000000,0.517204,0.213713,0.186847,0.000000,0.459499,0.000000,0.178353,0.152506,0.486713,0.000000,0.000000,0.384974,0.437867,0.421520,0.283217,0.350925,0.000000,0.413850,0.000000,0.000000,0.367315,0.000000,0.000000,
0.201829,0.000000,0.000000,0.527038,0.482804,0.000000,0.000000,0.000000,0.000000,0.179241,0.000000,0.000000,0.198902,0.000000,0.000000,0.202747,0.000000,0.386524,0.000000,0.507550,0.294809,0.000000,0.000000,0.000000,0.247120,0.000000,0.000000,0.429821,0.000000,0.517204,0.188030,0.199333,0.000000,0.459499,0.000000,0.166206,0.135502,0.486713,0.000000,0.000000,0.384976,0.465214,0.421520,0.259946,0.350925,0.000000,0.413850,0.000000,0.000000,0.234492,0.000000,0.000000,
0.216684,0.000000,0.000000,0.527038,0.482804,0.000000,0.000000,0.000000,0.000000,0.174470,0.000000,0.000000,0.180561,0.000000,0.000000,0.258374,0.000000,0.386524,0.000000,0.507550,0.293978,0.000000,0.000000,0.000000,0.314444,0.000000,0.000000,0.429821,0.000000,0.517204,0.161200,0.259830,0.000000,0.459499,0.000000,0.156508,0.127422,0.486713,0.000000,0.000000,0.384977,0.451476,0.421520,0.271248,0.350925,0.000000,0.413850,0.000000,0.000000,0.172388,0.000000,0.000000,
0.220354,0.000000,0.000000,0.527038,0.482804,0.000000,0.000000,0.000000,0.000000,0.195424,0.000000,0.000000,0.139359,0.000000,0.000000,0.290824,0.000000,0.386524,0.000000,0.507550,0.308513,0.000000,0.000000,0.000000,0.298397,0.000000,0.000000,0.429821,0.000000,0.517204,0.152203,0.196723,0.000000,0.459499,0.000000,0.280160,0.110180,0.486713,0.000000,0.000000,0.384977,0.444607,0.421520,0.277320,0.350925,0.000000,0.413850,0.000000,0.000000,0.354895,0.000000,0.000000,
0.217822,0.000000,0.000000,0.527038,0.482804,0.000000,0.000000,0.000000,0.000000,0.157881,0.000000,0.000000,0.118919,0.000000,0.000000,0.306745,0.000000,0.386524,0.000000,0.507550,0.280996,0.000000,0.000000,0.000000,0.290373,0.000000,0.000000,0.429821,0.000000,0.517204,0.155402,0.165170,0.000000,0.459499,0.000000,0.244078,0.103008,0.486713,0.000000,0.000000,0.384977,0.441172,0.421520,0.279998,0.350925,0.000000,0.413850,0.000000,0.000000,0.449937,0.000000,0.000000,
0.222814,0.000000,0.000000,0.527038,0.482804,0.000000,0.000000,0.000000,0.000000,0.163853,0.000000,0.000000,0.201961,0.000000,0.000000,0.316419,0.000000,0.386524,0.000000,0.507550,0.297174,0.000000,0.000000,0.000000,0.291695,0.000000,0.000000,0.429821,0.000000,0.517204,0.158889,0.149394,0.000000,0.459499,0.000000,0.189904,0.111476,0.486713,0.000000,0.000000,0.384977,0.439455,0.421520,0.281386,0.350925,0.000000,0.413850,0.000000,0.000000,0.323470,0.000000,0.000000,
0.205946,0.000000,0.000000,0.527038,0.482804,0.000000,0.000000,0.000000,0.000000,0.155715,0.000000,0.000000,0.159325,0.000000,0.000000,0.319401,0.000000,0.386524,0.000000,0.507550,0.308156,0.000000,0.000000,0.000000,0.286140,0.000000,0.000000,0.429821,0.000000,0.517204,0.207369,0.141506,0.000000,0.459499,0.000000,0.297353,0.174513,0.486713,0.000000,0.000000,0.385260,0.438596,0.421520,0.282370,0.350925,0.000000,0.413850,0.000000,0.000000,0.223320,0.000000,0.000000,
0.219954,0.000000,0.000000,0.527038,0.482804,0.000000,0.000000,0.000000,0.000000,0.159224,0.000000,0.000000,0.173997,0.000000,0.000000,0.318270,0.000000,0.386524,0.000000,0.507550,0.314573,0.000000,0.000000,0.000000,0.289018,0.000000,0.000000,0.429821,0.000000,0.517204,0.168985,0.176867,0.000000,0.459499,0.000000,0.216949,0.246970,0.486713,0.000000,0.000000,0.374678,0.438167,0.421520,0.282863,0.350925,0.000000,0.413850,0.000000,0.000000,0.170186,0.000000,0.000000,
0.203317,0.000000,0.000000,0.527038,0.482804,0.000000,0.000000,0.000000,0.000000,0.177229,0.000000,0.000000,0.155565,0.000000,0.000000,0.321187,0.000000,0.386524,0.000000,0.507550,0.317560,0.000000,0.000000,0.000000,0.284753,0.000000,0.000000,0.429821,0.000000,0.517204,0.186247,0.185903,0.000000,0.459499,0.000000,0.185841,0.228758,0.486713,0.000000,0.000000,0.329367,0.437952,0.421520,0.283109,0.350925,0.000000,0.413850,0.000000,0.000000,0.142656,0.000000,0.000000,
0.194414,0.000000,0.000000,0.527038,0.482804,0.000000,0.000000,0.000000,0.000000,0.157350,0.000000,0.000000,0.127022,0.000000,0.000000,0.323068,0.000000,0.386524,0.000000,0.507550,0.320914,0.000000,0.000000,0.000000,0.289589,0.000000,0.000000,0.429821,0.000000,0.517204,0.190557,0.153816,0.000000,0.459499,0.000000,0.296652,0.210725,0.486713,0.000000,0.000000,0.357162,0.437800,0.421520,0.283232,0.350925,0.000000,0.413850,0.000000,0.000000,0.343911,0.000000,0.000000,
0.225581,0.000000,0.000000,0.527038,0.482804,0.000000,0.000000,0.000000,0.000000,0.131615,0.000000,0.000000,0.121953,0.000000,0.000000,0.324605,0.000000,0.386524,0.000000,0.507550,0.323108,0.000000,0.000000,0.000000,0.331261,0.000000,0.000000,0.429821,0.000000,0.517204,0.214444,0.236839,0.000000,0.459499,0.000000,0.216235,0.203154,0.486713,0.000000,0.000000,0.371060,0.437769,0.421520,0.283293,0.350925,0.000000,0.413850,0.000000,0.000000,0.445013,0.000000,0.000000,
0.204987,0.000000,0.000000,0.527038,0.482804,0.000000,0.000000,0.000000,0.000000,0.130603,0.000000,0.000000,0.110216,0.000000,0.000000,0.324538,0.000000,0.386524,0.000000,0.507550,0.323644,0.000000,0.000000,0.000000,0.352097,0.000000,0.000000,0.429821,0.000000,0.517204,0.244766,0.224228,0.000000,0.459499,0.000000,0.311471,0.227703,0.486713,0.000000,0.000000,0.377740,0.437753,0.421520,0.283077,0.350926,0.000000,0.413850,0.000000,0.000000,0.495421,0.000000,0.000000,
0.219101,0.000000,0.000000,0.527038,0.482804,0.000000,0.000000,0.000000,0.000000,0.139618,0.000000,0.000000,0.114299,0.000000,0.000000,0.326756,0.000000,0.386524,0.000000,0.507550,0.291724,0.000000,0.000000,0.000000,0.362515,0.000000,0.000000,0.429821,0.000000,0.517204,0.190202,0.209658,0.000000,0.459499,0.000000,0.360745,0.171228,0.486713,0.000000,0.000000,0.381875,0.437746,0.421520,0.280068,0.350925,0.000000,0.413850,0.000000,0.000000,0.524402,0.000000,0.000000,
0.200605,0.000000,0.000000,0.527038,0.482804,0.000000,0.000000,0.000000,0.000000,0.149919,0.000000,0.000000,0.115022,0.000000,0.000000,0.325562,0.000000,0.386524,0.000000,0.507550,0.291109,0.000000,0.000000,0.000000,0.367837,0.000000,0.000000,0.429821,0.000000,0.517204,0.154045,0.165823,0.000000,0.459499,0.000000,0.385167,0.163308,0.486713,0.000000,0.000000,0.445398,0.437742,0.421520,0.281837,0.350925,0.000000,0.413850,0.000000,0.000000,0.538028,0.000000,0.000000,
0.189584,0.000000,0.000000,0.527038,0.482804,0.000000,0.000000,0.000000,0.000000,0.153614,0.000000,0.000000,0.144852,0.000000,0.000000,0.324928,0.000000,0.386524,0.000000,0.507550,0.294354,0.000000,0.000000,0.000000,0.323524,0.000000,0.000000,0.429821,0.000000,0.517204,0.197865,0.182250,0.000000,0.459499,0.000000,0.266341,0.141094,0.486713,0.000000,0.000000,0.366130,0.437740,0.421520,0.281903,0.350925,0.000000,0.413850,0.000000,0.000000,0.363107,0.000000,0.000000,
0.199590,0.000000,0.000000,0.527038,0.482804,0.000000,0.000000,0.000000,0.000000,0.143497,0.000000,0.000000,0.267921,0.000000,0.000000,0.327081,0.000000,0.386524,0.000000,0.507550,0.296362,0.000000,0.000000,0.000000,0.346698,0.000000,0.000000,0.429821,0.000000,0.517204,0.216919,0.152082,0.000000,0.459499,0.000000,0.334812,0.127134,0.486713,0.000000,0.000000,0.434607,0.437739,0.421520,0.281919,0.350926,0.000000,0.413850,0.000000,0.000000,0.361367,0.000000,0.000000,
0.182455,0.000000,0.000000,0.527038,0.482804,0.000000,0.000000,0.000000,0.000000,0.139515,0.000000,0.000000,0.248573,0.000000,0.000000,0.326477,0.000000,0.386524,0.000000,0.507550,0.296906,0.000000,0.000000,0.000000,0.359132,0.000000,0.000000,0.429821,0.000000,0.517204,0.234723,0.236241,0.000000,0.459499,0.000000,0.241083,0.116518,0.486713,0.000000,0.000000,0.468844,0.465150,0.421520,0.282618,0.350925,0.000000,0.413850,0.000000,0.000000,0.242027,0.000000,0.000000,
0.193087,0.000000,0.000000,0.527038,0.482804,0.000000,0.000000,0.000000,0.000000,0.149807,0.000000,0.000000,0.270334,0.000000,0.000000,0.311115,0.000000,0.386524,0.000000,0.507550,0.290003,0.000000,0.000000,0.000000,0.314088,0.000000,0.000000,0.429821,0.000000,0.517204,0.218462,0.199151,0.000000,0.459499,0.000000,0.194293,0.146225,0.486713,0.000000,0.000000,0.488978,0.478855,0.421520,0.266234,0.350925,0.000000,0.413850,0.000000,0.000000,0.170623,0.000000,0.000000,
0.191871,0.000000,0.000000,0.527038,0.482804,0.000000,0.000000,0.000000,0.000000,0.158018,0.000000,0.000000,0.369091,0.000000,0.000000,0.307980,0.000000,0.386524,0.000000,0.507550,0.297531,0.000000,0.000000,0.000000,0.290208,0.000000,0.000000,0.429821,0.000000,0.517204,0.216479,0.160694,0.000000,0.459499,0.000000,0.301554,0.152607,0.486713,0.000000,0.000000,0.499046,0.458297,0.421520,0.278385,0.350925,0.000000,0.413850,0.000000,0.000000,0.137700,0.000000,0.000000,
0.203387,0.000000,0.000000,0.527038,0.482804,0.000000,0.000000,0.000000,0.000000,0.152637,0.000000,0.000000,0.380020,0.000000,0.000000,0.312368,0.000000,0.386524,0.000000,0.507550,0.221106,0.000000,0.000000,0.000000,0.280889,0.000000,0.000000,0.429821,0.000000,0.517204,0.163675,0.134990,0.000000,0.459499,0.000000,0.219161,0.137676,0.486713,0.000000,0.000000,0.504079,0.475429,0.421520,0.245386,0.350925,0.000000,0.413850,0.000000,0.000000,0.138213,0.000000,0.000000,
0.225295,0.000000,0.000000,0.527038,0.482804,0.000000,0.000000,0.000000,0.000000,0.148862,0.000000,0.000000,0.422928,0.000000,0.000000,0.313345,0.000000,0.386524,0.000000,0.507550,0.170385,0.000000,0.000000,0.000000,0.324950,0.000000,0.000000,0.429821,0.000000,0.517204,0.148688,0.128452,0.000000,0.459499,0.000000,0.213038,0.129847,0.486713,0.000000,0.000000,0.506596,0.483995,0.421520,0.259592,0.350925,0.000000,0.413850,0.000000,0.000000,0.123143,0.000000,0.000000,
0.208587,0.000000,0.000000,0.527038,0.482804,0.000000,0.000000,0.000000,0.000000,0.131908,0.000000,0.000000,0.443458,0.000000,0.000000,0.315986,0.000000,0.386524,0.000000,0.507550,0.152510,0.000000,0.000000,0.000000,0.298620,0.000000,0.000000,0.429821,0.000000,0.517204,0.180379,0.125345,0.000000,0.459499,0.000000,0.183589,0.126645,0.486713,0.000000,0.000000,0.507854,0.488278,0.421520,0.271666,0.350925,0.000000,0.413850,0.000000,0.000000,0.117105,0.000000,0.000000,
0.232634,0.000000,0.000000,0.527038,0.482804,0.000000,0.000000,0.000000,0.000000,0.122010,0.000000,0.000000,0.453654,0.000000,0.000000,0.318158,0.000000,0.386524,0.000000,0.507550,0.148143,0.000000,0.000000,0.000000,0.337218,0.000000,0.000000,0.429821,0.000000,0.517204,0.148045,0.222872,0.000000,0.459499,0.000000,0.292130,0.119276,0.486713,0.000000,0.000000,0.508484,0.490419,0.421520,0.289669,0.350925,0.000000,0.413850,0.000000,0.000000,0.156144,0.000000,0.000000,
0.217227,0.000000,0.000000,0.527038,0.482804,0.000000,0.000000,0.000000,0.000000,0.122822,0.000000,0.000000,0.288212,0.000000,0.000000,0.316431,0.000000,0.386524,0.000000,0.507550,0.214754,0.000000,0.000000,0.000000,0.355894,0.000000,0.000000,0.429821,0.000000,0.517204,0.135197,0.172555,0.000000,0.459499,0.000000,0.346240,0.151617,0.486713,0.000000,0.000000,0.508798,0.491490,0.421520,0.260066,0.350925,0.000000,0.413850,0.000000,0.000000,0.130602,0.000000,0.000000,
0.207647,0.000000,0.000000,0.527038,0.482804,0.000000,0.000000,0.000000,0.000000,0.144727,0.000000,0.000000,0.376321,0.000000,0.000000,0.315203,0.000000,0.386524,0.000000,0.507550,0.174507,0.000000,0.000000,0.000000,0.366367,0.000000,0.000000,0.429821,0.000000,0.517204,0.175800,0.153206,0.000000,0.459499,0.000000,0.373295,0.151916,0.486713,0.000000,0.000000,0.508955,0.492025,0.421520,0.273872,0.350925,0.000000,0.413850,0.000000,0.000000,0.123827,0.000000,0.000000,
0.242312,0.000000,0.000000,0.527038,0.482804,0.000000,0.000000,0.000000,0.000000,0.166494,0.000000,0.000000,0.422023,0.000000,0.000000,0.318041,0.000000,0.386524,0.000000,0.507550,0.147507,0.000000,0.000000,0.000000,0.366896,0.000000,0.000000,0.429821,0.000000,0.517204,0.145974,0.231907,0.000000,0.459499,0.000000,0.386823,0.132168,0.486713,0.000000,0.000000,0.509034,0.492293,0.421520,0.252162,0.350925,0.000000,0.413850,0.000000,0.000000,0.111033,0.000000,0.000000,
0.224866,0.000000,0.000000,0.527038,0.482804,0.000000,0.000000,0.000000,0.000000,0.156913,0.000000,0.000000,0.264445,0.000000,0.000000,0.319221,0.000000,0.386524,0.000000,0.507550,0.134226,0.000000,0.000000,0.000000,0.324163,0.000000,0.000000,0.429821,0.000000,0.517204,0.119389,0.184456,0.000000,0.459499,0.000000,0.393176,0.122974,0.486713,0.000000,0.000000,0.509073,0.492427,0.421520,0.269834,0.350925,0.000000,0.413850,0.000000,0.000000,0.316954,0.000000,0.000000,
0.234046,0.000000,0.000000,0.527038,0.482804,0.000000,0.000000,0.000000,0.000000,0.135269,0.000000,0.000000,0.246705,0.000000,0.000000,0.319675,0.000000,0.386524,0.000000,0.507550,0.141093,0.000000,0.000000,0.000000,0.302796,0.000000,0.000000,0.429821,0.000000,0.517204,0.113855,0.207322,0.000000,0.459499,0.000000,0.381957,0.120569,0.486713,0.000000,0.000000,0.509093,0.492494,0.421520,0.274860,0.350925,0.000000,0.413850,0.000000,0.000000,0.256971,0.000000,0.000000,
0.219436,0.000000,0.000000,0.527038,0.482804,0.000000,0.000000,0.000000,0.000000,0.153161,0.000000,0.000000,0.181650,0.000000,0.000000,0.319903,0.000000,0.386524,0.000000,0.507550,0.201580,0.000000,0.000000,0.000000,0.298929,0.000000,0.000000,0.429821,0.000000,0.517204,0.179907,0.211333,0.000000,0.459499,0.000000,0.294526,0.154693,0.486713,0.000000,0.000000,0.509103,0.492527,0.421520,0.281462,0.350925,0.000000,0.413850,0.000000,0.000000,0.192604,0.000000,0.000000,
0.207504,0.000000,0.000000,0.527038,0.482804,0.000000,0.000000,0.000000,0.000000,0.147781,0.000000,0.000000,0.140367,0.000000,0.000000,0.319880,0.000000,0.386524,0.000000,0.507550,0.230485,0.000000,0.000000,0.000000,0.257194,0.000000,0.000000,0.429821,0.000000,0.517204,0.182196,0.169193,0.000000,0.459499,0.000000,0.332632,0.165338,0.486713,0.000000,0.000000,0.509108,0.492544,0.421520,0.284763,0.350925,0.000000,0.413850,0.000000,0.000000,0.154828,0.000000,0.000000,
0.211378,0.000000,0.000000,0.527038,0.482804,0.000000,0.000000,0.000000,0.000000,0.135358,0.000000,0.000000,0.136705,0.000000,0.000000,0.320005,0.000000,0.386524,0.000000,0.507550,0.178785,0.000000,0.000000,0.000000,0.269169,0.000000,0.000000,0.429821,0.000000,0.517204,0.191126,0.139386,0.000000,0.459499,0.000000,0.269863,0.152542,0.486713,0.000000,0.000000,0.509110,0.492552,0.421520,0.286413,0.350925,0.000000,0.413850,0.000000,0.000000,0.138999,0.000000,0.000000,
0.210480,0.000000,0.000000,0.527038,0.482804,0.000000,0.000000,0.000000,0.000000,0.139641,0.000000,0.000000,0.302374,0.000000,0.000000,0.319934,0.000000,0.386524,0.000000,0.507550,0.155085,0.000000,0.000000,0.000000,0.242067,0.000000,0.000000,0.429821,0.000000,0.517204,0.165682,0.137033,0.000000,0.459499,0.000000,0.238444,0.135145,0.486713,0.000000,0.000000,0.509112,0.492557,0.421520,0.287239,0.350925,0.000000,0.413850,0.000000,0.000000,0.156260,0.000000,0.000000,
0.204035,0.000000,0.000000,0.527038,0.482804,0.000000,0.000000,0.000000,0.000000,0.144007,0.000000,0.000000,0.383546,0.000000,0.000000,0.319899,0.000000,0.386524,0.000000,0.507550,0.152832,0.000000,0.000000,0.000000,0.309453,0.000000,0.000000,0.429821,0.000000,0.517204,0.150791,0.175172,0.000000,0.459499,0.000000,0.304497,0.125013,0.486713,0.000000,0.000000,0.509112,0.492559,0.421520,0.287651,0.350925,0.000000,0.413850,0.000000,0.000000,0.156666,0.000000,0.000000,
0.214583,0.000000,0.000000,0.527038,0.482804,0.000000,0.000000,0.000000,0.000000,0.160216,0.000000,0.000000,0.424742,0.000000,0.000000,0.316860,0.000000,0.386524,0.000000,0.507550,0.136796,0.000000,0.000000,0.000000,0.289249,0.000000,0.000000,0.429821,0.000000,0.517204,0.158275,0.276592,0.000000,0.459499,0.000000,0.255823,0.122228,0.486713,0.000000,0.000000,0.398039,0.492560,0.421520,0.287857,0.350925,0.000000,0.413850,0.000000,0.000000,0.139218,0.000000,0.000000,
0.212939,0.000000,0.000000,0.527038,0.482804,0.000000,0.000000,0.000000,0.000000,0.157612,0.000000,0.000000,0.352137,0.000000,0.000000,0.318360,0.000000,0.386524,0.000000,0.507550,0.210883,0.000000,0.000000,0.000000,0.276752,0.000000,0.000000,0.429821,0.000000,0.517204,0.154839,0.241230,0.000000,0.459499,0.000000,0.231725,0.122857,0.486713,0.000000,0.000000,0.450580,0.492560,0.421520,0.287961,0.350925,0.000000,0.413850,0.000000,0.000000,0.132025,0.000000,0.000000,
0.213488,0.000000,0.000000,0.527038,0.482804,0.000000,0.000000,0.000000,0.000000,0.162515,0.000000,0.000000,0.408489,0.000000,0.000000,0.321827,0.000000,0.386524,0.000000,0.507550,0.245481,0.000000,0.000000,0.000000,0.275378,0.000000,0.000000,0.429821,0.000000,0.517204,0.174656,0.223549,0.000000,0.459499,0.000000,0.316206,0.121167,0.486713,0.000000,0.000000,0.476850,0.492561,0.421520,0.288361,0.350925,0.000000,0.413850,0.000000,0.000000,0.341486,0.000000,0.000000,
0.235315,0.000000,0.000000,0.527038,0.482804,0.000000,0.000000,0.000000,0.000000,0.141263,0.000000,0.000000,0.272619,0.000000,0.000000,0.320918,0.000000,0.386524,0.000000,0.507550,0.196889,0.000000,0.000000,0.000000,0.273126,0.000000,0.000000,0.429821,0.000000,0.517204,0.167764,0.267058,0.000000,0.459499,0.000000,0.358607,0.141639,0.486713,0.000000,0.000000,0.489985,0.492561,0.421520,0.288673,0.350925,0.000000,0.413850,0.000000,0.000000,0.448160,0.000000,0.000000,
0.237828,0.000000,0.000000,0.527038,0.482804,0.000000,0.000000,0.000000,0.000000,0.146381,0.000000,0.000000,0.368916,0.000000,0.000000,0.320463,0.000000,0.386524,0.000000,0.507550,0.144784,0.000000,0.000000,0.000000,0.281351,0.000000,0.000000,0.429821,0.000000,0.517204,0.164179,0.241195,0.000000,0.459499,0.000000,0.379647,0.128095,0.486713,0.000000,0.000000,0.496552,0.492561,0.421520,0.289004,0.350925,0.000000,0.413850,0.000000,0.000000,0.320717,0.000000,0.000000,
0.234112,0.000000,0.000000,0.527038,0.482804,0.000000,0.000000,0.000000,0.000000,0.154323,0.000000,0.000000,0.417064,0.000000,0.000000,0.322247,0.000000,0.386524,0.000000,0.507550,0.140568,0.000000,0.000000,0.000000,0.274946,0.000000,0.000000,0.429821,0.000000,0.517204,0.175502,0.216337,0.000000,0.459499,0.000000,0.390167,0.124627,0.486713,0.000000,0.000000,0.441130,0.492561,0.421520,0.289201,0.350925,0.000000,0.413850,0.000000,0.000000,0.210105,0.000000,0.000000,
0.207730,0.000000,0.000000,0.527038,0.482804,0.000000,0.000000,0.000000,0.000000,0.144878,0.000000,0.000000,0.267312,0.000000,0.000000,0.207548,0.000000,0.386524,0.000000,0.507550,0.213677,0.000000,0.000000,0.000000,0.328116,0.000000,0.000000,0.429821,0.000000,0.517204,0.240406,0.170593,0.000000,0.459499,0.000000,0.395398,0.121690,0.486713,0.000000,0.000000,0.413419,0.492561,0.421520,0.289300,0.350925,0.000000,0.413850,0.000000,0.000000,0.159374,0.000000,0.000000,
0.226472,0.000000,0.000000,0.527038,0.482804,0.000000,0.000000,0.000000,0.000000,0.143041,0.000000,0.000000,0.192435,0.000000,0.000000,0.150326,0.000000,0.386524,0.000000,0.507550,0.262270,0.000000,0.000000,0.000000,0.354486,0.000000,0.000000,0.429821,0.000000,0.517204,0.201588,0.268896,0.000000,0.459499,0.000000,0.398203,0.109368,0.486713,0.000000,0.000000,0.399714,0.492561,0.421520,0.289349,0.350925,0.000000,0.413850,0.000000,0.000000,0.132668,0.000000,0.000000,
0.215924,0.000000,0.000000,0.527038,0.482804,0.000000,0.000000,0.000000,0.000000,0.151631,0.000000,0.000000,0.239286,0.000000,0.000000,0.235441,0.000000,0.386524,0.000000,0.507550,0.258231,0.000000,0.000000,0.000000,0.312947,0.000000,0.000000,0.429821,0.000000,0.517204,0.153104,0.232921,0.000000,0.459499,0.000000,0.384525,0.111201,0.486713,0.000000,0.000000,0.390449,0.492561,0.421520,0.289374,0.350926,0.000000,0.413850,0.000000,0.000000,0.159378,0.000000,0.000000,
0.201069,0.000000,0.000000,0.527038,0.482804,0.000000,0.000000,0.000000,0.000000,0.137068,0.000000,0.000000,0.170309,0.000000,0.000000,0.280329,0.000000,0.386524,0.000000,0.507550,0.285904,0.000000,0.000000,0.000000,0.291133,0.000000,0.000000,0.429821,0.000000,0.517204,0.143313,0.277133,0.000000,0.459499,0.000000,0.295919,0.171061,0.486713,0.000000,0.000000,0.387808,0.492561,0.421520,0.289386,0.350925,0.000000,0.413850,0.000000,0.000000,0.133307,0.000000,0.000000,
0.219851,0.000000,0.000000,0.527038,0.482804,0.000000,0.000000,0.000000,0.000000,0.129435,0.000000,0.000000,0.157952,0.000000,0.000000,0.302773,0.000000,0.386524,0.000000,0.507550,0.304519,0.000000,0.000000,0.000000,0.284304,0.000000,0.000000,0.429821,0.000000,0.517204,0.163586,0.200991,0.000000,0.459499,0.000000,0.216965,0.169122,0.486713,0.000000,0.000000,0.386487,0.465149,0.421520,0.289392,0.350925,0.000000,0.413850,0.000000,0.000000,0.120312,0.000000,0.000000,
0.244816,0.000000,0.000000,0.527038,0.482804,0.000000,0.000000,0.000000,0.000000,0.129613,0.000000,0.000000,0.311951,0.000000,0.000000,0.314365,0.000000,0.386524,0.000000,0.507550,0.283851,0.000000,0.000000,0.000000,0.288082,0.000000,0.000000,0.429821,0.000000,0.517204,0.149779,0.155206,0.000000,0.459499,0.000000,0.177837,0.166621,0.486713,0.000000,0.000000,0.386248,0.478855,0.421520,0.289395,0.350925,0.000000,0.413850,0.000000,0.000000,0.120892,0.000000,0.000000,
0.224799,0.000000,0.000000,0.527038,0.482804,0.000000,0.000000,0.000000,0.000000,0.130212,0.000000,0.000000,0.388637,0.000000,0.000000,0.319791,0.000000,0.386524,0.000000,0.507550,0.297036,0.000000,0.000000,0.000000,0.283181,0.000000,0.000000,0.429821,0.000000,0.517204,0.167724,0.144996,0.000000,0.459499,0.000000,0.166001,0.199572,0.486713,0.000000,0.000000,0.446745,0.458296,0.421520,0.289397,0.350925,0.000000,0.413850,0.000000,0.000000,0.332571,0.000000,0.000000,
0.201368,0.000000,0.000000,0.527038,0.482804,0.000000,0.000000,0.000000,0.000000,0.152934,0.000000,0.000000,0.426347,0.000000,0.000000,0.322504,0.000000,0.386524,0.000000,0.507550,0.304595,0.000000,0.000000,0.000000,0.280842,0.000000,0.000000,0.429821,0.000000,0.517204,0.169218,0.136024,0.000000,0.459499,0.000000,0.186429,0.186779,0.486713,0.000000,0.000000,0.363886,0.448017,0.421520,0.289398,0.350925,0.000000,0.413850,0.000000,0.000000,0.258343,0.000000,0.000000,
0.221177,0.000000,0.000000,0.527038,0.482804,0.000000,0.000000,0.000000,0.000000,0.142105,0.000000,0.000000,0.444699,0.000000,0.000000,0.325997,0.000000,0.386524,0.000000,0.507550,0.312156,0.000000,0.000000,0.000000,0.282185,0.000000,0.000000,0.429821,0.000000,0.517204,0.149143,0.130438,0.000000,0.459499,0.000000,0.162518,0.174202,0.486713,0.000000,0.000000,0.433503,0.442877,0.421520,0.289398,0.350925,0.000000,0.413850,0.000000,0.000000,0.184872,0.000000,0.000000,
0.200911,0.000000,0.000000,0.527038,0.482804,0.000000,0.000000,0.000000,0.000000,0.139422,0.000000,0.000000,0.415075,0.000000,0.000000,0.306065,0.000000,0.386524,0.000000,0.507550,0.208048,0.000000,0.000000,0.000000,0.282355,0.000000,0.000000,0.429821,0.000000,0.517204,0.141617,0.163692,0.000000,0.459499,0.000000,0.154243,0.142450,0.486713,0.000000,0.000000,0.409390,0.440308,0.421520,0.289398,0.350925,0.000000,0.413850,0.000000,0.000000,0.185394,0.000000,0.000000,
0.221835,0.000000,0.000000,0.527038,0.482804,0.000000,0.000000,0.000000,0.000000,0.130047,0.000000,0.000000,0.273188,0.000000,0.000000,0.313424,0.000000,0.386524,0.000000,0.507550,0.245039,0.000000,0.000000,0.000000,0.337566,0.000000,0.000000,0.429821,0.000000,0.517204,0.226361,0.144278,0.000000,0.459499,0.000000,0.146441,0.128087,0.486713,0.000000,0.000000,0.397334,0.439023,0.421520,0.289398,0.350925,0.000000,0.413850,0.000000,0.000000,0.147235,0.000000,0.000000,
0.201054,0.000000,0.000000,0.527038,0.482804,0.000000,0.000000,0.000000,0.000000,0.153156,0.000000,0.000000,0.368479,0.000000,0.000000,0.315383,0.000000,0.386524,0.000000,0.507550,0.281718,0.000000,0.000000,0.000000,0.364659,0.000000,0.000000,0.429821,0.000000,0.517204,0.186253,0.170709,0.000000,0.459499,0.000000,0.274153,0.120508,0.486713,0.000000,0.000000,0.391305,0.438380,0.421520,0.289398,0.350926,0.000000,0.413850,0.000000,0.000000,0.135471,0.000000,0.000000,
0.197899,0.000000,0.000000,0.527038,0.482804,0.000000,0.000000,0.000000,0.000000,0.159293,0.000000,0.000000,0.414249,0.000000,0.000000,0.316811,0.000000,0.386524,0.000000,0.507550,0.305229,0.000000,0.000000,0.000000,0.381834,0.000000,0.000000,0.429821,0.000000,0.517204,0.139925,0.192158,0.000000,0.459499,0.000000,0.338787,0.149531,0.486713,0.000000,0.000000,0.388291,0.438059,0.421520,0.289398,0.350926,0.000000,0.413850,0.000000,0.000000,0.125065,0.000000,0.000000,
0.210834,0.000000,0.000000,0.527038,0.482804,0.000000,0.000000,0.000000,0.000000,0.162760,0.000000,0.000000,0.279368,0.000000,0.000000,0.315919,0.000000,0.386524,0.000000,0.507550,0.220772,0.000000,0.000000,0.000000,0.390420,0.000000,0.000000,0.429821,0.000000,0.517204,0.154909,0.256815,0.000000,0.459499,0.000000,0.371005,0.159346,0.486713,0.000000,0.000000,0.386784,0.437898,0.421520,0.289398,0.350926,0.000000,0.413850,0.000000,0.000000,0.162155,0.000000,0.000000,
0.216211,0.000000,0.000000,0.527038,0.482804,0.000000,0.000000,0.000000,0.000000,0.173655,0.000000,0.000000,0.189781,0.000000,0.000000,0.315180,0.000000,0.386524,0.000000,0.507550,0.164808,0.000000,0.000000,0.000000,0.395045,0.000000,0.000000,0.429821,0.000000,0.517204,0.157997,0.235211,0.000000,0.459499,0.000000,0.386342,0.181689,0.486713,0.000000,0.000000,0.386031,0.437818,0.421520,0.288946,0.350926,0.000000,0.413850,0.000000,0.000000,0.358442,0.000000,0.000000,
0.211157,0.000000,0.000000,0.527038,0.482804,0.000000,0.000000,0.000000,0.000000,0.153816,0.000000,0.000000,0.327019,0.000000,0.000000,0.304111,0.000000,0.386524,0.000000,0.507550,0.237827,0.000000,0.000000,0.000000,0.393744,0.000000,0.000000,0.429821,0.000000,0.517204,0.126343,0.220521,0.000000,0.459499,0.000000,0.262234,0.183044,0.486713,0.000000,0.000000,0.386006,0.465189,0.421520,0.289410,0.350926,0.000000,0.413850,0.000000,0.000000,0.284194,0.000000,0.000000,
0.218300,0.000000,0.000000,0.527038,0.482804,0.000000,0.000000,0.000000,0.000000,0.151439,0.000000,0.000000,0.395681,0.000000,0.000000,0.308145,0.000000,0.386524,0.000000,0.507550,0.178271,0.000000,0.000000,0.000000,0.393094,0.000000,0.000000,0.429821,0.000000,0.517204,0.135246,0.217064,0.000000,0.459499,0.000000,0.208377,0.178077,0.486713,0.000000,0.000000,0.329934,0.451464,0.421520,0.289642,0.350925,0.000000,0.413850,0.000000,0.000000,0.210175,0.000000,0.000000,
0.242172,0.000000,0.000000,0.527038,0.482804,0.000000,0.000000,0.000000,0.000000,0.141713,0.000000,0.000000,0.278822,0.000000,0.000000,0.309941,0.000000,0.386524,0.000000,0.507550,0.140230,0.000000,0.000000,0.000000,0.396382,0.000000,0.000000,0.429821,0.000000,0.517204,0.135027,0.211935,0.000000,0.459499,0.000000,0.172401,0.149279,0.486713,0.000000,0.000000,0.358086,0.472012,0.421520,0.284265,0.350925,0.000000,0.413850,0.000000,0.000000,0.163489,0.000000,0.000000,
0.221953,0.000000,0.000000,0.527038,0.482804,0.000000,0.000000,0.000000,0.000000,0.125932,0.000000,0.000000,0.224368,0.000000,0.000000,0.310786,0.000000,0.386524,0.000000,0.507550,0.220070,0.000000,0.000000,0.000000,0.311152,0.000000,0.000000,0.429821,0.000000,0.517204,0.174447,0.209542,0.000000,0.459499,0.000000,0.159406,0.160791,0.486713,0.000000,0.000000,0.372161,0.482287,0.421520,0.285497,0.350925,0.000000,0.413850,0.000000,0.000000,0.139674,0.000000,0.000000,
0.197938,0.000000,0.000000,0.527038,0.482804,0.000000,0.000000,0.000000,0.000000,0.145655,0.000000,0.000000,0.227419,0.000000,0.000000,0.309375,0.000000,0.386524,0.000000,0.507550,0.265618,0.000000,0.000000,0.000000,0.268504,0.000000,0.000000,0.429821,0.000000,0.517204,0.150783,0.265524,0.000000,0.459499,0.000000,0.148905,0.144318,0.486713,0.000000,0.000000,0.379199,0.487424,0.421520,0.286113,0.350925,0.000000,0.413850,0.000000,0.000000,0.346471,0.000000,0.000000,
0.181147,0.000000,0.000000,0.527038,0.482804,0.000000,0.000000,0.000000,0.000000,0.144497,0.000000,0.000000,0.343229,0.000000,0.000000,0.201086,0.000000,0.386524,0.000000,0.507550,0.295697,0.000000,0.000000,0.000000,0.247210,0.000000,0.000000,0.429821,0.000000,0.517204,0.121763,0.240003,0.000000,0.459499,0.000000,0.143832,0.135910,0.486713,0.000000,0.000000,0.382718,0.489992,0.421520,0.299359,0.350925,0.000000,0.413850,0.000000,0.000000,0.271497,0.000000,0.000000,
0.209904,0.000000,0.000000,0.527038,0.482804,0.000000,0.000000,0.000000,0.000000,0.162215,0.000000,0.000000,0.404134,0.000000,0.000000,0.255125,0.000000,0.386524,0.000000,0.507550,0.309096,0.000000,0.000000,0.000000,0.318461,0.000000,0.000000,0.429821,0.000000,0.517204,0.175874,0.218776,0.000000,0.459499,0.000000,0.149349,0.117482,0.486713,0.000000,0.000000,0.384478,0.491277,0.421520,0.305983,0.350925,0.000000,0.413850,0.000000,0.000000,0.190999,0.000000,0.000000,
0.236217,0.000000,0.000000,0.527038,0.482804,0.000000,0.000000,0.000000,0.000000,0.140494,0.000000,0.000000,0.395871,0.000000,0.000000,0.284917,0.000000,0.386524,0.000000,0.507550,0.229355,0.000000,0.000000,0.000000,0.355447,0.000000,0.000000,0.429821,0.000000,0.517204,0.163466,0.212963,0.000000,0.459499,0.000000,0.277851,0.106254,0.486713,0.000000,0.000000,0.334635,0.491919,0.421520,0.296114,0.350925,0.000000,0.413850,0.000000,0.000000,0.149660,0.000000,0.000000,
0.218798,0.000000,0.000000,0.527038,0.482804,0.000000,0.000000,0.000000,0.000000,0.129257,0.000000,0.000000,0.284857,0.000000,0.000000,0.302142,0.000000,0.386524,0.000000,0.507550,0.277603,0.000000,0.000000,0.000000,0.376363,0.000000,0.000000,0.429821,0.000000,0.517204,0.128485,0.204107,0.000000,0.459499,0.000000,0.340249,0.137679,0.486713,0.000000,0.000000,0.420868,0.492240,0.421520,0.291626,0.350925,0.000000,0.413850,0.000000,0.000000,0.349982,0.000000,0.000000,
0.224317,0.000000,0.000000,0.527038,0.482804,0.000000,0.000000,0.000000,0.000000,0.136149,0.000000,0.000000,0.372697,0.000000,0.000000,0.313209,0.000000,0.386524,0.000000,0.507550,0.301726,0.000000,0.000000,0.000000,0.383100,0.000000,0.000000,0.429821,0.000000,0.517204,0.110592,0.169460,0.000000,0.459499,0.000000,0.216641,0.178076,0.486713,0.000000,0.000000,0.402853,0.492400,0.421520,0.262095,0.350925,0.000000,0.413850,0.000000,0.000000,0.453149,0.000000,0.000000,
0.207809,0.000000,0.000000,0.527038,0.482804,0.000000,0.000000,0.000000,0.000000,0.131531,0.000000,0.000000,0.415351,0.000000,0.000000,0.313438,0.000000,0.386524,0.000000,0.507550,0.313788,0.000000,0.000000,0.000000,0.390334,0.000000,0.000000,0.429821,0.000000,0.517204,0.114321,0.152321,0.000000,0.459499,0.000000,0.310535,0.143252,0.486713,0.000000,0.000000,0.455159,0.492481,0.421520,0.238330,0.350925,0.000000,0.413850,0.000000,0.000000,0.407878,0.000000,0.000000,
0.213451,0.000000,0.000000,0.527038,0.482804,0.000000,0.000000,0.000000,0.000000,0.147020,0.000000,0.000000,0.266516,0.000000,0.000000,0.203847,0.000000,0.386524,0.000000,0.507550,0.319819,0.000000,0.000000,0.000000,0.389886,0.000000,0.000000,0.429821,0.000000,0.517204,0.124581,0.143663,0.000000,0.459499,0.000000,0.223173,0.124497,0.486713,0.000000,0.000000,0.411815,0.492521,0.421520,0.235413,0.350925,0.000000,0.413850,0.000000,0.000000,0.252887,0.000000,0.000000,
0.221260,0.000000,0.000000,0.527038,0.482804,0.000000,0.000000,0.000000,0.000000,0.156851,0.000000,0.000000,0.206559,0.000000,0.000000,0.263506,0.000000,0.386524,0.000000,0.507550,0.322835,0.000000,0.000000,0.000000,0.393393,0.000000,0.000000,0.429821,0.000000,0.517204,0.127918,0.139334,0.000000,0.459499,0.000000,0.315569,0.109042,0.486713,0.000000,0.000000,0.348457,0.492541,0.421520,0.259168,0.350925,0.000000,0.413850,0.000000,0.000000,0.176878,0.000000,0.000000,
0.223920,0.000000,0.000000,0.527038,0.482804,0.000000,0.000000,0.000000,0.000000,0.145079,0.000000,0.000000,0.188512,0.000000,0.000000,0.292257,0.000000,0.386524,0.000000,0.507550,0.324343,0.000000,0.000000,0.000000,0.390777,0.000000,0.000000,0.429821,0.000000,0.517204,0.124601,0.224279,0.000000,0.459499,0.000000,0.225890,0.143510,0.486713,0.000000,0.000000,0.367113,0.492551,0.421520,0.245312,0.350925,0.000000,0.413850,0.000000,0.000000,0.141829,0.000000,0.000000,
0.200331,0.000000,0.000000,0.527038,0.482804,0.000000,0.000000,0.000000,0.000000,0.156606,0.000000,0.000000,0.324885,0.000000,0.000000,0.306633,0.000000,0.386524,0.000000,0.507550,0.325096,0.000000,0.000000,0.000000,0.391671,0.000000,0.000000,0.429821,0.000000,0.517204,0.181021,0.205408,0.000000,0.459499,0.000000,0.216229,0.153538,0.486713,0.000000,0.000000,0.376441,0.492556,0.421520,0.265825,0.350925,0.000000,0.413850,0.000000,0.000000,0.122446,0.000000,0.000000,
0.215056,0.000000,0.000000,0.527038,0.482804,0.000000,0.000000,0.000000,0.000000,0.144933,0.000000,0.000000,0.391861,0.000000,0.000000,0.313161,0.000000,0.386524,0.000000,0.507550,0.325473,0.000000,0.000000,0.000000,0.392146,0.000000,0.000000,0.429821,0.000000,0.517204,0.161701,0.170050,0.000000,0.459499,0.000000,0.211931,0.137772,0.486713,0.000000,0.000000,0.381105,0.492558,0.421520,0.257733,0.350925,0.000000,0.413850,0.000000,0.000000,0.111415,0.000000,0.000000,
0.200018,0.000000,0.000000,0.527038,0.482804,0.000000,0.000000,0.000000,0.000000,0.151788,0.000000,0.000000,0.386720,0.000000,0.000000,0.317084,0.000000,0.386524,0.000000,0.507550,0.325529,0.000000,0.000000,0.000000,0.306625,0.000000,0.000000,0.429821,0.000000,0.517204,0.146588,0.152527,0.000000,0.459499,0.000000,0.174193,0.131493,0.486713,0.000000,0.000000,0.383437,0.492560,0.421520,0.272432,0.350925,0.000000,0.413850,0.000000,0.000000,0.138644,0.000000,0.000000,
0.224755,0.000000,0.000000,0.527038,0.482804,0.000000,0.000000,0.000000,0.000000,0.155501,0.000000,0.000000,0.423645,0.000000,0.000000,0.319276,0.000000,0.386524,0.000000,0.507550,0.328934,0.000000,0.000000,0.000000,0.349367,0.000000,0.000000,0.429821,0.000000,0.517204,0.119767,0.143609,0.000000,0.459499,0.000000,0.160798,0.124032,0.486713,0.000000,0.000000,0.384603,0.492560,0.421520,0.280353,0.350925,0.000000,0.413850,0.000000,0.000000,0.122556,0.000000,0.000000,
