6.7153,4.2882,1,0,1,0
0.343,8.0524,0,0,1,1
7.4434,8.3465,0,0,1,0
-3.3734,7.1676,0,0,0,1
-3.2308,-1.9317,0,1,0,0
9.1445,2.7333,1,0,1,0
-0.80135,4.8951,0,1,0,1
5.8369,8.0629,0,0,1,0
0.091941,-1.4578,1,1,0,0
5.3231,-2.8509,1,0,0,0
-3.6816,-2.4442,0,1,0,0
6.2031,9.0457,0,0,1,0
-2.6935,4.4594,0,1,0,1
-0.33136,5.6598,0,0,1,1
-0.12709,6.8578,0,0,1,1
8.2177,-0.15633,1,0,0,0
2.8646,4.5184,1,0,1,1
7.2646,-4.5656,1,0,0,0
-4.1098,7.7713,0,0,0,1
6.8963,0.16846,1,0,1,0
8.1592,0.22296,1,0,1,0
5.3903,-4.4072,1,0,0,0
4.2756,-3.9695,1,0,0,0
3.9035,7.3714,0,0,1,1
-8.2036,-3.1491,0,1,0,0
3.4035,6.0342,0,0,1,1
-1.4598,-1.5243,0,1,0,0
0.95598,-0.58682,1,1,0,0
6.1725,7.2856,0,0,1,0
-3.2084,6.3756,0,0,0,1
4.949,-2.6194,1,0,0,0
8.9358,5.687,0,0,1,0
7.2743,-2.1733,1,0,0,0
7.1194,-1.5355,1,0,0,0
0.26402,-0.90272,1,1,0,0
-0.68243,7.9309,0,0,0,1
6.8286,-2.4445,1,0,0,0
3.9458,-2.365,1,1,0,0
5.7658,-1.5157,1,0,0,0
6.0833,6.8711,0,0,1,0
-1.1579,0.18095,0,1,0,0
9.2595,4.6827,1,0,1,0
9.6548,-2.0585,1,0,0,0
0.09325,7.4151,0,0,1,1
7.4237,-3.5266,1,0,0,0
10.124,0.41905,1,0,0,0
-1.8571,0.70957,0,1,0,1
5.3717,4.9753,1,0,1,0
7.5089,5.4976,1,0,1,0
0.50556,4.8063,0,0,1,1
6.1194,4.8982,1,0,1,0
-0.57661,8.216,0,0,0,1
-0.81784,0.8252,0,1,0,1
-2.2883,6.8922,0,0,0,1
5.067,5.7945,0,0,1,1
2.9564,4.4695,1,0,1,1
9.7875,-0.2562,1,0,0,0
3.5014,7.2397,0,0,1,1
-2.0848,0.95897,0,1,0,1
-2.356,8.3209,0,0,0,1
-3.3572,1.8115,0,1,0,1
4.8767,6.4193,0,0,1,1
-2.8652,-4.0093,0,1,0,0
5.321,0.10737,1,0,1,0
-1.0238,-2.5893,0,1,0,0
2.7536,4.7425,0,0,1,1
6.7313,0.71507,1,0,1,0
5.8722,8.1098,0,0,1,0
2.4391,-3.5976,1,1,0,0
3.6093,5.4273,0,0,1,1
9.5368,3.8258,1,0,1,0
7.5666,-4.1331,1,0,0,0
-2.1215,-1.6807,0,1,0,0
7.828,-3.5938,1,0,0,0
8.0859,-1.9783,1,0,0,0
0.037681,7.3918,0,0,1,1
-1.4305,5.1118,0,0,0,1
-3.3748,-1.8038,0,1,0,0
-2.7268,-3.4889,0,1,0,0
5.9138,2.3695,1,0,1,0
4.929,8.347,0,0,1,1
-0.05854,-1.5756,1,1,0,0
5.1623,5.4324,1,0,1,1
-3.9945,0.21829,0,1,0,0
7.6232,-5.7644,1,0,0,0
-2.0207,-1.3466,0,1,0,0
0.4123,-0.1666,1,1,0,0
6.7016,-2.6533,1,0,0,0
3.2789,10.325,0,0,1,1
-4.0859,-0.85832,0,1,0,0
4.7915,-1.0151,1,0,0,0
-2.4226,-3.068,0,1,0,0
-0.83797,-4.7906,0,1,0,0
-2.1604,-2.2166,0,1,0,0
7.6252,6.1165,0,0,1,0
7.3268,6.858,0,0,1,0
5.883,5.6972,0,0,1,0
7.2893,-1.7515,1,0,0,0
2.0586,7.4073,0,0,1,1
4.8281,3.2819,1,0,1,0
-3.0429,-0.48667,0,1,0,0
8.2352,4.0527,1,0,1,0
-2.474,-3.2512,0,1,0,0
5.6091,-3.7111,1,0,0,0
7.03,-1.7463,1,0,0,0
-2.2835,0.48474,0,1,0,0
5.7707,9.1086,0,0,1,0
-2.1024,5.316,0,0,0,1
-0.52861,7.8614,0,0,0,1
0.42467,-2.9337,1,1,0,0
-5.5423,-5.3418,0,1,0,0
8.1087,5.9754,0,0,1,0
6.2071,0.53552,1,0,1,0
5.644,-2.2545,1,0,0,0
3.1669,7.4021,0,0,1,1
-2.7766,-2.6137,0,1,0,0
1.8939,5.7657,0,0,1,1
0.077926,6.7817,0,0,1,1
8.8885,6.2458,0,0,1,0
-2.4392,-4.8781,0,1,0,0
-3.2648,-2.9711,0,1,0,0
1.4672,7.6355,0,0,1,1
1.0783,8.0851,0,0,1,1
7.9621,-0.63826,1,0,0,0
-0.92422,6.3,0,0,0,1
2.3607,6.3109,0,0,1,1
-1.325,-2.378,0,1,0,0
7.8471,-6.794,1,0,0,0
7.5519,7.8994,0,0,1,0
1.3101,6.3016,0,0,1,1
7.4471,6.2783,0,0,1,0
-2.6259,-3.3176,0,1,0,0
0.45188,0.72241,1,1,0,1
9.4288,-4.6304,1,0,0,0
9.1686,2.3931,1,0,1,0
-1.0664,-0.62067,0,1,0,0
7.5856,-2.5582,1,0,0,0
5.089,-2.2496,1,0,0,0
2.2644,8.7493,0,0,1,1
-3.4824,-1.1538,0,1,0,0
-0.033473,-2.3027,1,1,0,0
5.2961,0.01829,1,0,1,0
-0.25223,7.3242,0,0,1,1
-2.0858,5.8965,0,0,0,1
0.62625,9.075,0,0,1,1
7.7316,4.5719,1,0,1,0
-4.4116,0.067431,0,1,0,0
1.6961,5.0172,0,0,1,1
4.6047,2.3304,1,0,1,0
7.6082,-7.8433,1,0,0,0
6.6763,-1.8372,1,0,0,0
6.4637,6.8519,0,0,1,0
2.4877,6.4823,0,0,1,1
4.8623,-1.7371,1,0,0,0
5.6084,4.7685,1,0,1,0
9.6503,8.8623,0,0,1,0
6.518,-0.92243,1,0,0,0
7.2666,-1.0034,1,0,0,0
-2.7772,-0.35913,0,1,0,0
-0.61116,7.3396,0,0,0,1
-4.6094,-2.3945,0,1,0,0
5.3139,6.3228,0,0,1,1
-1.2284,-2.8903,0,1,0,0
-3.024,3.6875,0,1,0,1
4.6999,6.8982,0,0,1,1
-0.1596,-2.4668,1,1,0,0
-1.9261,6.4436,0,0,0,1
8.3894,-3.1158,1,0,0,0
0.36293,0.67535,1,1,0,1
-0.54075,-2.6054,1,1,0,0
7.6961,-4.2391,1,0,0,0
4.2382,6.2735,0,0,1,1
7.6269,9.2466,0,0,1,0
-0.97774,4.6524,0,1,0,1
-3.4872,-1.953,0,1,0,0
-0.90336,-0.73576,0,1,0,0
0.82619,9.1424,0,0,1,1
7.3355,3.48,1,0,1,0
6.2973,-2.1169,1,0,0,0
-1.6243,5.0418,0,1,0,1
5.3854,8.8803,0,0,1,0
3.1826,-0.60127,1,1,0,0
6.4275,-2.2975,1,0,0,0
9.4182,-5.2681,1,0,0,0
2.8152,6.4781,0,0,1,1
6.9586,-1.0066,1,0,0,0
5.5247,-1.0016,1,0,0,0
7.1576,-4.9093,1,0,0,0
-2.2738,-0.52257,0,1,0,0
4.1127,5.7052,0,0,1,1
1.2853,8.1199,0,0,1,1
-1.31,-1.4928,0,1,0,0
-0.3962,-3.6221,1,1,0,0
4.8537,6.3277,0,0,1,1
3.6483,9.3978,0,0,1,1
-2.4249,-2.6481,0,1,0,0
9.3926,-0.48525,1,0,0,0
-2.4523,-0.57761,0,1,0,0
3.9967,6.549,0,0,1,1
-2.016,-2.2802,0,1,0,0
0.77117,-0.54735,1,1,0,0
7.3092,-0.30073,1,0,1,0
5.7748,7.5334,0,0,1,0
8.3444,-2.1492,1,0,0,0
3.1994,8.2589,0,0,1,1
-3.344,8.1836,0,0,0,1
5.7157,5.7088,0,0,1,0
7.231,7.91,0,0,1,0
6.5167,8.9857,0,0,1,0
-2.1654,2.3499,0,1,0,1
-2.4576,8.7567,0,0,0,1
0.51523,6.1957,0,0,1,1
0.24448,9.3548,0,0,0,1
0.19258,-3.6329,1,1,0,0
6.6099,5.4929,1,0,1,0
-3.8688,1.723,0,1,0,1
6.8758,-3.2887,1,0,0,0
6.7538,-3.4901,1,0,0,0
-3.7286,-4.6006,0,1,0,0
4.3749,5.5086,0,0,1,1
9.4569,-3.0048,1,0,0,0
5.4872,7.1225,0,0,1,1
-3.6699,0.10854,0,1,0,0
-2.2537,-3.5724,0,1,0,0
9.1139,-0.93035,1,0,0,0
-0.11349,4.865,0,0,1,1
-0.34975,6.2202,0,0,1,1
4.7721,6.3762,0,0,1,1
6.6694,2.4525,1,0,1,0
-2.222,0.39278,0,1,0,0
-2.2792,-3.0962,0,1,0,0
4.1027,6.4756,0,0,1,1
-2.4152,-0.3265,0,1,0,0
5.4136,5.1666,1,0,1,0
1.0258,6.5703,0,0,1,1
6.8338,-3.2736,1,0,0,0
-2.7781,-1.2711,0,1,0,0
5.881,-0.056133,1,0,1,0
-2.8101,5.3419,0,0,0,1
7.3514,-0.24383,1,0,1,0
-3.7198,-1.2192,0,1,0,0
3.1406,6.3127,0,0,1,1
0.021674,-0.25184,1,1,0,0
-1.7289,-1.2991,0,1,0,0
-0.081329,3.5638,0,1,0,1
7.5869,6.2436,0,0,1,0
-0.23828,9.0722,0,0,0,1
-3.8302,-4.5217,0,1,0,0
3.3426,-4.0573,1,1,0,0
-4.4649,-2.1299,0,1,0,0
5.6124,4.9582,1,0,1,0
2.6306,7.4779,0,0,1,1
-1.7685,-0.82763,0,1,0,0
8.3227,5.5275,1,0,1,0
-2.523,-5.9838,0,1,0,0
5.9132,2.7387,1,0,1,0
6.8168,-3.0702,1,0,0,0
-0.051981,4.1417,0,1,1,1
-1.8908,-4.2139,0,1,0,0
-5.187,-0.92806,0,1,0,0
5.8399,-0.73365,1,0,0,0
8.6573,5.5512,1,0,1,0
-3.6773,-6.0798,0,1,0,0
-2.2323,6.904,0,0,0,1
6.5614,-1.6084,1,0,0,0
1.1558,-0.41991,1,1,0,0
4.7777,5.5711,0,0,1,1
3.4327,7.531,0,0,1,1
-0.18949,0.18568,1,1,0,0
-2.4761,7.1491,0,0,0,1
0.86736,4.2284,0,1,1,1
0.5002,9.8183,0,0,0,1
-2.8243,-2.5991,0,1,0,0
5.9328,-0.99827,1,0,0,0
-2.053,0.47583,0,1,0,1
-3.5887,5.4829,0,0,0,1
6.723,-5.5407,1,0,0,0
4.8722,4.0235,1,0,1,1
5.9226,4.6916,1,0,1,0
10.089,-1.9159,1,0,0,0
9.2387,-2.6104,1,0,0,0
3.1029,2.2417,1,1,1,1
3.0987,9.5843,0,0,1,1
-3.463,-1.451,0,1,0,0
8.6152,6.068,0,0,1,0
6.661,5.9415,0,0,1,0
5.6382,-3.3781,1,0,0,0
7.334,-1.5972,1,0,0,0
-0.63599,6.6766,0,0,0,1
0.79776,-2.572,1,1,0,0
-2.9038,6.1274,0,0,0,1
-3.7778,-3.7026,0,1,0,0
1.0387,8.4163,0,0,1,1
4.8356,-0.78467,1,0,0,0
2.4129,6.447,0,0,1,1
0.68623,8.9049,0,0,1,1
-0.039655,-0.063641,1,1,0,0
-1.055,5.75,0,0,0,1
4.1681,5.559,0,0,1,1
6.6742,0.12096,1,0,1,0
7.9283,-2.878,1,0,0,0
8.9337,-4.8658,1,0,0,0
4.7532,1.4891,1,0,1,0
6.5109,2.3911,1,0,1,0
6.1134,5.0776,1,0,1,0
2.2187,5.2739,0,0,1,1
-2.5733,6.3674,0,0,0,1
-1.8446,1.9581,0,1,0,1
3.667,7.2406,0,0,1,1
-0.1214,0.4163,1,1,0,0
-2.876,7.7798,0,0,0,1
-2.3966,-2.091,0,1,0,0
1.3541,11.255,0,0,0,1
-3.4277,1.0906,0,1,0,1
-1.1551,1.0268,0,1,0,1
-1.7197,0.94944,0,1,0,1
9.2932,-1.2881,1,0,0,0
7.6647,-0.5727,1,0,0,0
9.4749,6.4104,0,0,1,0
9.9214,-1.299,1,0,0,0
-2.1328,6.0001,0,0,0,1
-1.2866,-0.83448,0,1,0,0
9.3327,-4.4668,1,0,0,0
5.8031,4.6039,1,0,1,0
2.8997,4.2729,1,0,1,1
5.2954,7.5889,0,0,1,1
7.5287,-0.66285,1,0,0,0
0.083022,-2.8077,1,1,0,0
-3.4781,-1.2244,0,1,0,0
-1.3132,-1.3345,0,1,0,0
6.0659,2.9254,1,0,1,0
-2.5819,0.22882,0,1,0,0
-2.6094,-0.30257,0,1,0,0
9.2022,7.4564,0,0,1,0
9.8211,5.5873,0,0,1,0
-0.69216,7.9691,0,0,0,1
5.581,5.1746,1,0,1,0
-0.26744,-1.2117,1,1,0,0
6.9271,-1.0538,1,0,0,0
6.7247,-2.5028,1,0,0,0
-5.743,-1.2684,0,1,0,0
-0.73419,-1.8572,1,1,0,0
0.46294,-3.4851,1,1,0,0
8.0528,5.3137,1,0,1,0
5.5126,-4.1128,1,0,0,0
3.9134,5.5301,0,0,1,1
-1.9181,0.82075,0,1,0,1
-4.4831,-2.7126,0,1,0,0
10.213,-0.54977,1,0,0,0
6.3464,6.6759,0,0,1,0
7.2874,8.7875,0,0,1,0
-4.3711,-3.5781,0,1,0,0
-2.9835,-0.92128,0,1,0,0
-2.4758,6.3275,0,0,0,1
10.77,-1.5921,1,0,0,0
9.2244,2.0603,1,0,1,0
3.8008,10.08,0,0,1,1
3.6002,-1.6559,1,1,0,0
4.7172,6.0965,0,0,1,1
5.9313,-2.1222,1,0,0,0
10.062,9.5129,0,0,1,0
-2.5139,-0.21738,0,1,0,0
4.1508,2.4389,1,0,1,0
-4.3563,-0.79943,0,1,0,0
5.7855,6.4858,0,0,1,0
-3.0377,5.9418,0,0,0,1
-0.32533,6.652,0,0,1,1
6.8214,-3.4578,1,0,0,0
5.8431,-3.6165,1,0,0,0
7.1614,9.0176,0,0,1,0
6.9883,4.9593,1,0,1,0
5.5752,3.4748,1,0,1,0
8.2491,-1.6035,1,0,0,0
5.3242,8.7788,0,0,1,1
-2.3077,-2.2665,0,1,0,0
6.118,-5.2293,1,0,0,0
4.0228,8.5544,0,0,1,1
6.642,3.4645,1,0,1,0
7.6411,-3.1332,1,0,0,0
6.9741,3.3857,1,0,1,0
-0.70077,0.36785,0,1,0,0
-2.2517,0.39259,0,1,0,0
7.1318,-1.5251,1,0,0,0
9.9037,-6.3015,1,0,0,0
-3.166,-3.3559,0,1,0,0
2.5929,0.99432,1,1,1,0
6.0447,-6.3966,1,0,0,0
-2.9638,4.9073,0,1,0,1
-0.46541,5.9442,0,0,1,1
6.2395,-3.8128,1,0,0,0
5.5175,7.9549,0,0,1,1
-5.4993,-4.4322,0,1,0,0
5.8515,4.7799,1,0,1,0
-3.0102,5.652,0,0,0,1
9.2599,0.77472,1,0,1,0
-4.2667,-3.3347,0,1,0,0
-2.0136,0.71882,0,1,0,1
5.7574,0.89802,1,0,1,0
-1.9429,-1.8447,0,1,0,0
0.24336,-1.5997,1,1,0,0
-0.30387,7.4662,0,0,1,1
-5.25,3.8301,0,1,0,1
0.20399,4.2476,0,1,1,1
-1.6415,-2.3067,0,1,0,0
6.2309,7.5205,0,0,1,0
-1.0514,4.0804,0,1,0,1
8.4763,2.7132,1,0,1,0
-2.3983,-3.3094,0,1,0,0
0.58667,5.0152,0,0,1,1
2.7173,6.9537,0,0,1,1
5.7481,3.6959,1,0,1,0
1.3924,8.5645,0,0,1,1
-3.6636,-1.3374,0,1,0,0
-2.3436,-0.26735,0,1,0,0
0.016244,-0.26342,1,1,0,0
-3.6765,-3.9888,0,1,0,0
7.9769,-1.1596,1,0,0,0
1.1054,-1.5196,1,1,0,0
-2.6866,0.30903,0,1,0,0
0.37052,8.32,0,0,1,1
5.1096,6.9918,0,0,1,1
5.9932,6.5843,0,0,1,0
9.0073,0.20368,1,0,0,0
-4.12,-4.0683,0,1,0,0
5.5653,3.1365,1,0,1,0
4.8496,8.1379,0,0,1,1
0.2762,6.0779,0,0,1,1
4.9284,5.8215,0,0,1,1
4.9682,7.7881,0,0,1,1
3.7847,7.7411,0,0,1,1
-4.1739,6.6978,0,0,0,1
-4.1563,-0.92922,0,1,0,0
9.0389,-3.7047,1,0,0,0
8.141,-5.0887,1,0,0,0
-4.4244,3.6497,0,1,0,1
7.0124,6.0783,0,0,1,0
6.9616,-2.8871,1,0,0,0
4.2828,1.51,1,0,1,0
-2.7011,-0.70769,0,1,0,0
-2.6211,5.295,0,0,0,1
-5.9769,3.8364,0,0,0,1
3.714,5.7531,0,0,1,1
-3.5266,5.5435,0,0,0,1
-2.997,6.7309,0,0,0,1
8.0995,5.8801,0,0,1,0
4.2792,-5.7471,1,0,0,0
4.1414,6.5418,0,0,1,1
8.234,-4.51,1,0,0,0
5.4116,4.1682,1,0,1,0
-2.6181,1.3467,0,1,0,1
-2.9216,-2.0374,0,1,0,0
-2.0743,6.1425,0,0,0,1
5.6815,5.609,1,0,1,0
6.3684,9.3487,0,0,1,0
7.193,8.0058,0,0,1,0
-0.82794,-0.57028,0,1,0,0
4.3061,5.0621,1,0,1,1
9.4163,-3.3224,1,0,0,0
7.7394,-2.0838,1,0,0,0
11.261,7.011,0,0,1,0
5.9898,-3.1917,1,0,0,0
4.1717,5.7611,0,0,1,1
6.6192,6.9819,0,0,1,0
4.975,0.68125,1,0,1,0
-3.4831,9.3703,0,0,0,1
-4.787,-0.78412,0,1,0,0
0.91977,-2.3488,1,1,0,0
-0.62453,5.2744,0,0,0,1
-7.2367,0.14485,0,1,0,0
5.5043,7.4837,0,0,1,1
9.1234,-3.6168,1,0,0,0
-1.1618,5.569,0,0,0,1
-3.2014,-1.7727,0,1,0,0
5.9905,6.0378,0,0,1,0
6.5297,-5.253,1,0,0,0
-2.9793,-1.5219,0,1,0,0
2.3962,6.1826,0,0,1,1
8.2077,2.5849,1,0,1,0
2.1219,9.2958,0,0,1,1
-1.9879,8.0454,0,0,0,1
-0.30275,8.5418,0,0,0,1
-4.2817,0.01156,0,1,0,0
-3.9387,0.49877,0,1,0,0
-1.7981,-3.8088,0,1,0,0
6.5266,3.533,1,0,1,0
-1.8079,-2.1517,0,1,0,0
-4.799,-1.1697,0,1,0,0
2.1414,9.1065,0,0,1,1
2.939,9.3237,0,0,1,1
7.2643,-0.46029,1,0,0,0
8.4665,-1.8895,1,0,0,0
-2.8149,-2.1099,0,1,0,0
9.3173,1.319,1,0,1,0
-1.0357,-0.17142,0,1,0,0
5.9968,-3.5448,1,0,0,0
11.381,6.9048,0,0,1,0
-3.6201,5.3846,0,0,0,1
8.1261,6.038,0,0,1,0
8.9049,1.1557,1,0,1,0
-2.6632,-1.4459,0,1,0,0
8.1372,-2.5295,1,0,0,0
5.8333,4.3824,1,0,1,0
-2.9117,-3.0215,0,1,0,0
7.2718,-4.9048,1,0,0,0
2.1806,3.8749,1,0,1,1
6.1703,-3.2234,1,0,0,0
-1.8049,8.6821,0,0,0,1
-2.2684,-0.082436,0,1,0,0
-2.8458,6.2403,0,0,0,1
-1.2602,9.5013,0,0,0,1
10.861,-4.4766,1,0,0,0
-2.4945,-1.2531,0,1,0,0
7.4009,4.0701,1,0,1,0
-3.2651,-2.5774,0,1,0,0
6.3558,-3.6578,1,0,0,0
6.1784,5.5541,1,0,1,0
1.4035,3.3144,1,1,1,1
7.5012,-1.545,1,0,0,0
-3.169,-0.29276,0,1,0,0
-3.2761,4.7149,0,1,0,1
-1.3964,8.3251,0,0,0,1
4.1047,6.6793,0,0,1,1
-5.1115,-0.5533,0,1,0,0
8.4934,-1.3406,1,0,0,0
8.864,-4.5676,1,0,0,0
-1.189,-0.14335,0,1,0,0
4.926,-1.0741,1,0,0,0
2.537,8.6895,0,0,1,1
7.1421,2.7725,1,0,1,0
-3.6879,-2.2759,0,1,0,0
-1.4496,2.8287,0,1,0,1
0.3176,9.1808,0,0,0,1
4.4626,6.8157,0,0,1,1
-1.0977,6.6933,0,0,0,1
-0.86338,3.7107,0,1,0,1
6.6321,6.249,0,0,1,0
5.9527,6.8896,0,0,1,0
-5.6951,-1.3101,0,1,0,0
-4.8336,-2.9454,0,1,0,0
1.9015,7.0776,0,0,1,1
-0.44155,-0.6342,1,1,0,0
-5.9256,-1.4524,0,1,0,0
5.8028,-1.2382,1,0,0,0
6.6986,6.6148,0,0,1,0
1.1692,6.6026,0,0,1,1
-0.81609,6.0615,0,0,0,1
5.5134,-2.7725,1,0,0,0
-2.7695,-6.3402,0,1,0,0
7.0758,6.8395,0,0,1,0
0.076632,-1.6756,1,1,0,0
-2.829,9.2461,0,0,0,1
4.9786,-0.64987,1,0,0,0
-1.4855,4.3805,0,1,0,1
10.003,-7.8771,1,0,0,0
6.4737,6.3795,0,0,1,0
-1.3541,6.2624,0,0,0,1
8.3209,5.6456,0,0,1,0
-2.5158,-1.5293,0,1,0,0
-1.2866,6.3841,0,0,0,1
0.14443,-1.9253,1,1,0,0
6.3739,8.5652,0,0,1,0
5.0587,-4.5431,1,0,0,0
8.3667,5.7654,0,0,1,0
0.48601,6.5503,0,0,1,1
-0.241,-1.4387,1,1,0,0
4.6139,5.8102,0,0,1,1
5.2737,-5.2114,1,0,0,0
-0.50789,5.5682,0,0,0,1
8.5191,-2.0733,1,0,0,0
-3.3326,6.5562,0,0,0,1
5.4849,2.3384,1,0,1,0
3.1324,8.5925,0,0,1,1
1.1539,0.91451,1,1,0,1
-1.1982,6.211,0,0,0,1
0.17608,-1.57,1,1,0,0
-0.68842,-1.2069,1,1,0,0
3.76,6.8211,0,0,1,1
7.4771,7.3412,0,0,1,0
-0.95447,-1.0402,0,1,0,0
-0.56536,0.18397,0,1,0,0
9.5226,-0.04479,1,0,0,0
-1.4406,-2.3762,0,1,0,0
0.2999,9.3579,0,0,0,1
8.9837,5.5268,0,0,1,0
-1.2966,3.9196,0,1,0,1
5.3893,6.8646,0,0,1,1
0.20931,6.2776,0,0,1,1
7.4195,-4.4975,1,0,0,0
-2.8865,5.8988,0,0,0,1
6.5318,-2.4504,1,0,0,0
0.50099,11.132,0,0,0,1
-0.9309,-1.0499,0,1,0,0
8.1256,0.0097669,1,0,1,0
10.432,-1.7014,1,0,0,0
4.841,6.4972,0,0,1,1
-1.4407,9.3687,0,0,0,1
-3.0698,-4.5522,0,1,0,0
7.6009,-6.8987,1,0,0,0
-0.55204,7.486,0,0,0,1
-3.0027,6.5645,0,0,0,1
4.2801,3.3758,1,0,1,1
-0.65605,8.9808,0,0,0,1
3.5388,5.7896,0,0,1,1
-2.7143,-0.065101,0,1,0,0
0.94138,7.0568,0,0,1,1
-1.3862,-0.46844,0,1,0,0
-1.0609,7.6866,0,0,0,1
6.9963,7.0876,0,0,1,0
4.7491,7.42,0,0,1,1
7.7569,-4.0108,1,0,0,0
-2.0802,5.861,0,0,0,1
0.084527,8.8514,0,0,0,1
5.8001,5.8581,0,0,1,0
-1.0337,-3.6375,0,1,0,0
8.5888,-0.47994,1,0,0,0
4.1598,-0.65027,1,1,0,0
-2.6702,6.4524,0,0,0,1
-1.0572,5.0753,0,0,0,1
8.3918,1.6704,1,0,1,0
5.02,-1.3917,1,0,0,0
-2.3873,-1.8377,0,1,0,0
1.6954,7.9869,0,0,1,1
6.005,6.0805,0,0,1,0
5.7801,5.0823,1,0,1,0
-0.20067,6.2591,0,0,1,1
-2.1248,-2.9598,0,1,0,0
0.4077,6.5849,0,0,1,1
-2.7394,-4.2805,0,1,0,0
7.4255,-4.3771,1,0,0,0
6.0383,-2.2201,1,0,0,0
9.0284,0.21893,1,0,0,0
5.4655,7.4798,0,0,1,1
7.9192,-2.0385,1,0,0,0
5.1735,7.1523,0,0,1,1
0.96107,6.7676,0,0,1,1
2.4531,-2.383,1,1,0,0
-1.9923,7.2975,0,0,0,1
7.9503,-1.2117,1,0,0,0
1.215,6.0303,0,0,1,1
8.8958,8.5149,0,0,1,0
-5.5991,-4.2416,0,1,0,0
6.8627,1.888,1,0,1,0
-0.57011,7.6203,0,0,0,1
4.7832,7.0096,0,0,1,1
-2.2327,-0.33706,0,1,0,0
9.3181,-7.0514,1,0,0,0
-0.16279,-0.58084,1,1,0,0
-0.55758,0.76532,0,1,0,1
5.6647,9.2196,0,0,1,0
6.1802,-4.1959,1,0,0,0
-3.5935,-5.3836,0,1,0,0
7.4833,4.3267,1,0,1,0
0.11933,9.4967,0,0,0,1
1.2253,7.6836,0,0,1,1
-4.1104,-3.7209,0,1,0,0
2.9647,10.058,0,0,1,1
5.1511,-0.16394,1,0,1,0
-2.0583,-0.38662,0,1,0,0
0.26074,-1.1496,1,1,0,0
-0.94193,-0.17297,0,1,0,0
8.0075,-0.78668,1,0,0,0
6.2874,6.2663,0,0,1,0
7.1644,8.7362,0,0,1,0
6.872,-6.3333,1,0,0,0
5.3043,5.7536,0,0,1,1
-4.4337,4.5661,0,1,0,1
-2.8006,5.386,0,0,0,1
-0.055719,-1.8126,1,1,0,0
-4.8347,4.9393,0,0,0,1
5.8923,8.7695,0,0,1,0
7.1744,3.1706,1,0,1,0
-3.6453,6.8386,0,0,0,1
6.079,4.5873,1,0,1,0
-2.0202,-0.65896,0,1,0,0
6.6986,6.7063,0,0,1,0
8.7438,-0.57384,1,0,0,0
7.0687,6.8145,0,0,1,0
-0.15817,-1.432,1,1,0,0
-3.2004,8.609,0,0,0,1
5.1895,8.746,0,0,1,1
6.8211,5.8242,0,0,1,0
6.1657,6.0522,0,0,1,0
6.1616,5.858,0,0,1,0
7.388,-4.363,1,0,0,0
8.0221,-2.4925,1,0,0,0
4.6038,1.4956,1,0,1,0
11.154,-0.69131,1,0,0,0
-3.9399,-1.2707,0,1,0,0
6.76,4.205,1,0,1,0
-3.53,-4.0784,0,1,0,0
4.4698,-2.032,1,1,0,0
7.4665,-1.9675,1,0,0,0
5.3987,4.4251,1,0,1,0
5.9398,-5.8125,1,0,0,0
5.503,5.7343,0,0,1,1
-0.70672,6.3657,0,0,0,1
-3.8825,-0.15625,0,1,0,0
1.8765,7.0405,0,0,1,1
0.048551,5.9489,0,0,1,1
-3.6297,7.0561,0,0,0,1
1.9379,1.0328,1,1,1,0
-3.3886,-0.46601,0,1,0,0
7.6136,5.8619,0,0,1,0
-0.041467,9.7362,0,0,0,1
8.8285,4.5546,1,0,1,0
8.5099,-4.4409,1,0,0,0
-1.0192,-2.3891,0,1,0,0
4.8293,0.70296,1,0,1,0
8.0854,5.2146,1,0,1,0
9.3417,5.1821,1,0,1,0
0.54096,7.7504,0,0,1,1
-2.2418,-1.3628,0,1,0,0
7.2701,-0.64101,1,0,0,0
7.1066,5.406,1,0,1,0
0.51716,8.6431,0,0,1,1
7.4006,5.004,1,0,1,0
8.5162,7.6162,0,0,1,0
13.114,6.6423,0,0,0,0
4.794,-6.3038,1,0,0,0
-1.0098,7.1452,0,0,0,1
-1.9156,8.0615,0,0,0,1
3.9464,9.1105,0,0,1,1
-4.5832,-2.227,0,1,0,0
0.2146,1.3277,1,1,0,1
8.0447,-0.54637,1,0,0,0
7.3851,-3.2932,1,0,0,0
6.1096,6.1718,0,0,1,0
1.5562,-1.2134,1,1,0,0
-2.514,7.6587,0,0,0,1
6.3419,0.89036,1,0,1,0
6.9068,-1.678,1,0,0,0
0.48655,5.9522,0,0,1,1
6.7109,6.1354,0,0,1,0
-0.39503,9.888,0,0,0,1
-4.2155,6.1842,0,0,0,1
5.4536,6.2191,0,0,1,1
0.28219,7.5891,0,0,1,1
10.988,-1.1598,1,0,0,0
-1.696,-1.8308,0,1,0,0
9.2671,-3.6649,1,0,0,0
6.0667,-1.4227,1,0,0,0
1.088,-0.10305,1,1,0,0
4.3926,-1.6032,1,1,0,0
7.1443,-5.3735,1,0,0,0
-0.44122,-2.3301,1,1,0,0
6.9459,-0.55094,1,0,0,0
-3.4658,-2.8994,0,1,0,0
7.5624,-3.0047,1,0,0,0
0.92928,6.5916,0,0,1,1
6.1794,-2.9009,1,0,0,0
6.9397,-8.8885,1,0,0,0
-4.5664,-0.28508,0,1,0,0
-5.5434,6.625,0,0,0,1
-0.65686,6.8443,0,0,0,1
8.9183,-0.7411,1,0,0,0
6.9158,5.9633,0,0,1,0
-2.0218,8.5845,0,0,0,1
-1.975,-0.54858,0,1,0,0
3.0462,7.9333,0,0,1,1
3.0471,8.3192,0,0,1,1
1.9127,7.7569,0,0,1,1
3.2386,8.4832,0,0,1,1
-3.3305,-2.7616,0,1,0,0
9.506,5.1569,1,0,1,0
8.701,8.6722,0,0,1,0
0.51556,-1.4965,1,1,0,0
-5.2028,5.8881,0,0,0,1
7.9077,3.9756,1,0,1,0
-0.90072,7.8218,0,0,0,1
8.4925,8.1688,0,0,1,0
8.1934,5.7944,0,0,1,0
5.2682,2.0395,1,0,1,0
-2.3592,3.2875,0,1,0,1
-2.9435,-1.5951,0,1,0,0
-1.3606,6.5026,0,0,0,1
3.272,9.7102,0,0,1,1
-2.6958,-5.3473,0,1,0,0
-1.1522,9.0189,0,0,0,1
-3.1863,-1.6822,0,1,0,0
-2.1873,-1.7143,0,1,0,0
-0.38174,3.4431,0,1,0,1
0.22693,-0.3861,1,1,0,0
-2.9466,7.6099,0,0,0,1
9.2911,4.1533,1,0,1,0
8.2836,5.7567,0,0,1,0
5.9079,-0.020984,1,0,1,0
4.3738,7.0174,0,0,1,1
9.9175,3.3304,1,0,1,0
-0.72558,-0.38231,0,1,0,0
-6.374,6.2869,0,0,0,1
-0.17841,0.50455,1,1,0,1
0.40143,9.7277,0,0,0,1
1.4911,6.45,0,0,1,1
-0.9877,8.4151,0,0,0,1
-4.6341,-4.6812,0,1,0,0
7.2353,1.9971,1,0,1,0
3.8316,-1.7606,1,1,0,0
7.6403,-7.9007,1,0,0,0
-5.7951,-3.57,0,1,0,0
4.3832,5.9184,0,0,1,1
-0.46113,0.47104,0,1,0,1
7.282,4.3185,1,0,1,0
4.5257,2.5065,1,0,1,0
5.8713,4.0976,1,0,1,0
4.2242,5.2891,0,0,1,1
-3.5199,-1.9324,0,1,0,0
9.3017,-4.7633,1,0,0,0
7.2808,-3.2996,1,0,0,0
2.9991,1.6066,1,1,1,0
6.6776,-0.34414,1,0,1,0
0.081496,8.1189,0,0,1,1
7.008,-5.312,1,0,0,0
-0.72101,6.1942,0,0,0,1
-1.2331,-1.6192,0,1,0,0
5.4295,0.69843,1,0,1,0
4.759,-6.7642,1,0,0,0
-3.9691,0.4941,0,1,0,0
-3.1686,7.6323,0,0,0,1
6.6975,-1.5279,1,0,0,0
5.2793,6.3701,0,0,1,1
-3.5429,7.4754,0,0,0,1
-3.8312,0.10819,0,1,0,0
-1.2146,4.9629,0,1,0,1
-0.91852,3.3897,0,1,0,1
7.2652,4.9371,1,0,1,0
0.3064,7.913,0,0,1,1
8.1308,-6.4876,1,0,0,0
8.6538,-0.84853,1,0,0,0
0.39587,5.8094,0,0,1,1
8.3405,-1.163,1,0,0,0
3.8195,-1.3785,1,1,0,0
8.4808,-2.8141,1,0,0,0
7.4892,-2.0872,1,0,0,0
5.1739,4.892,1,0,1,1
5.81,-0.17906,1,0,1,0
8.002,-1.8019,1,0,0,0
0.052598,6.7932,0,0,1,1
0.26858,9.8135,0,0,0,1
7.1465,8.5407,0,0,1,0
6.1322,-4.043,1,0,0,0
7.1195,-2.2128,1,0,0,0
-3.1619,6.8147,0,0,0,1
0.88329,-0.55848,1,1,0,0
0.84681,-0.74183,1,1,0,0
-5.3154,-0.53392,0,1,0,0
9.2249,-4.6393,1,0,0,0
6.0101,-0.4186,1,0,1,0
7.0692,-4.6698,1,0,0,0
-5.8309,-3.259,0,1,0,0
-1.5666,-0.40088,0,1,0,0
5.8076,-0.37917,1,0,1,0
-2.4401,-1.555,0,1,0,0
2.9192,7.1455,0,0,1,1
-4.6823,-0.90633,0,1,0,0
-1.7898,-1.0269,0,1,0,0
7.5659,-1.6297,1,0,0,0
-3.9991,-1.8762,0,1,0,0
3.9153,8.5549,0,0,1,1
6.7881,-6.8815,1,0,0,0
7.7024,5.0604,1,0,1,0
4.1461,7.1393,0,0,1,1
-1.8154,-3.7286,0,1,0,0
-0.69135,5.307,0,0,0,1
-4.2944,-3.3379,0,1,0,0
2.332,7.3997,0,0,1,1
-1.385,-2.2652,0,1,0,0
-1.296,5.978,0,0,0,1
7.0139,3.2156,1,0,1,0
5.0158,6.895,0,0,1,1
3.6797,6.3175,0,0,1,1
-1.1633,-0.51488,0,1,0,0
5.8401,8.8082,0,0,1,0
4.2633,-4.5125,1,0,0,0
-2.3439,-0.99675,0,1,0,0
-1.9677,6.3066,0,0,0,1
0.24193,-3.2725,1,1,0,0
5.6501,4.6906,1,0,1,0
3.5247,0.36068,1,1,1,0
7.5352,-3.4447,1,0,0,0
0.36523,8.2295,0,0,1,1
0.31701,8.2563,0,0,1,1
4.9769,7.765,0,0,1,1
-1.4038,8.5493,0,0,0,1
-1.3071,7.891,0,0,0,1
-4.1345,-4.8636,0,1,0,0
-4.9477,8.2065,0,0,0,1
6.3089,-3.5691,1,0,0,0
7.7841,6.2517,0,0,1,0
3.7184,-1.5571,1,1,0,0
6.8395,-0.57067,1,0,0,0
0.86036,7.5457,0,0,1,1
-2.8919,-1.6828,0,1,0,0
6.0992,4.2769,1,0,1,0
8.3444,-2.561,1,0,0,0
-1.0015,7.4556,0,0,0,1
8.3443,7.3505,0,0,1,0
-0.40512,2.6418,0,1,0,1
-1.3549,6.5265,0,0,0,1
-0.36555,-3.1059,1,1,0,0
-0.22655,0.10098,1,1,0,0
8.3851,-1.3149,1,0,0,0
8.5407,-5.6308,1,0,0,0
7.6363,-3.7926,1,0,0,0
8.2289,-1.9312,1,0,0,0
-0.28312,8.0783,0,0,0,1
4.187,-1.3147,1,1,0,0
-5.7416,-2.9945,0,1,0,0
-0.21629,7.4024,0,0,1,1
2.651,8.3069,0,0,1,1
4.5325,4.8681,1,0,1,1
3.4594,5.6028,0,0,1,1
-2.5547,-1.281,0,1,0,0
-0.19392,6.8407,0,0,1,1
8.2559,1.6262,1,0,1,0
-5.1561,-4.6537,0,1,0,0
4.4468,2.027,1,0,1,0
6.6564,-3.1926,1,0,0,0
-1.9071,-1.429,0,1,0,0
7.0064,-4.2708,1,0,0,0
-1.5552,6.1881,0,0,0,1
-2.5996,5.8235,0,0,0,1
-4.0617,-3.0477,0,1,0,0
5.0784,-0.039037,1,0,1,0
-1.0529,0.44129,0,1,0,1
4.8415,-2.2713,1,0,0,0
3.7957,7.4933,0,0,1,1
-0.13174,-1.1092,1,1,0,0
7.1797,5.9841,0,0,1,0
6.9649,-4.0113,1,0,0,0
7.7291,-3.2337,1,0,0,0
-3.3268,0.40472,0,1,0,0
6.137,-3.7782,1,0,0,0
5.2702,-1.9499,1,0,0,0
-1.8135,-2.4222,0,1,0,0
7.072,-2.0197,1,0,0,0
7.7635,-1.1804,1,0,0,0
3.5345,4.9231,1,0,1,1
7.9408,-1.7269,1,0,0,0
-1.1217,-2.7108,0,1,0,0
4.7395,-3.4957,1,0,0,0
6.5879,6.5562,0,0,1,0
-1.6995,-0.7042,0,1,0,0
1.783,8.1675,0,0,1,1
3.8911,10.26,0,0,1,1
-1.8024,6.766,0,0,0,1
-0.23715,-0.0043391,1,1,0,0
-3.317,4.3312,0,1,0,1
1.7943,0.17535,1,1,0,0
9.5282,0.02256,1,0,0,0
6.6238,3.3085,1,0,1,0
7.4206,1.5279,1,0,1,0
6.65,6.1943,0,0,1,0
7.0164,-0.90113,1,0,0,0
7.3191,3.6476,1,0,1,0
-2.4543,-0.88951,0,1,0,0
1.5277,-0.54089,1,1,0,0
6.6468,0.98984,1,0,1,0
1.6693,9.4483,0,0,1,1
5.3287,2.9355,1,0,1,0
-1.6122,-1.3538,0,1,0,0
6.6141,4.2925,1,0,1,0
2.088,10.811,0,0,1,1
-1.6644,6.4546,0,0,0,1
7.0242,7.6561,0,0,1,0
-1.7258,9.4414,0,0,0,1
8.59,4.0718,1,0,1,0
2.7652,6.7283,0,0,1,1
-3.6281,4.9048,0,1,0,1
-0.76231,8.7973,0,0,0,1
-2.1371,5.3823,0,0,0,1
6.7606,6.6351,0,0,1,0
5.5647,-2.9742,1,0,0,0
5.809,4.8002,1,0,1,0
4.5925,-2.052,1,1,0,0
-1.2084,8.6645,0,0,0,1
-0.093646,-3.9377,1,1,0,0
8.1212,-2.7284,1,0,0,0
7.2004,6.1237,0,0,1,0
-4.1764,-2.5698,0,1,0,0
8.8562,-1.4454,1,0,0,0
0.33618,7.5002,0,0,1,1
0.65264,-0.35359,1,1,0,0
-2.2444,-2.2452,0,1,0,0
8.6641,-3.4404,1,0,0,0
-3.02,-2.7413,0,1,0,0
-1.5311,6.9108,0,0,0,1
3.2432,5.253,0,0,1,1
3.6799,-4.0209,1,1,0,0
0.25773,8.3111,0,0,1,1
5.9514,-6.0688,1,0,0,0
0.55878,-1.4571,1,1,0,0
8.027,5.8416,0,0,1,0
9.5906,-6.0267,1,0,0,0
4.9832,-3.2978,1,0,0,0
6.3336,2.829,1,0,1,0
-0.97284,6.3709,0,0,0,1
2.4941,4.8134,0,0,1,1
-0.62671,6.8431,0,0,0,1
6.0932,7.7824,0,0,1,0
-3.6491,1.6204,0,1,0,1
-2.3326,4.8759,0,1,0,1
-2.6295,7.8998,0,0,0,1
1.2687,-0.34768,1,1,0,0
6.7462,-1.0223,1,0,0,0
3.4468,9.0501,0,0,1,1
2.2375,7.9458,0,0,1,1
0.71397,7.3704,0,0,1,1
5.2838,-1.071,1,0,0,0
-1.272,6.4052,0,0,0,1
7.4039,-2.4563,1,0,0,0
7.9009,6.7594,0,0,1,0
-1.256,7.2925,0,0,0,1
-1.4844,6.3019,0,0,0,1
3.8432,6.4473,0,0,1,1
7.645,-5.8545,1,0,0,0
-8.0895,-3.4016,0,1,0,0
2.4425,8.6854,0,0,1,1
7.8254,-2.3732,1,0,0,0
4.0784,1.8496,1,0,1,0
-2.3569,5.5046,0,0,0,1
-0.82396,-1.8702,0,1,0,0
6.716,8.0095,0,0,1,0
-3.0298,7.5535,0,0,0,1
7.3956,5.6123,1,0,1,0
3.216,9.7364,0,0,1,1
-3.3914,9.3815,0,0,0,1
8.0307,-2.9299,1,0,0,0
7.8319,-6.2011,1,0,0,0
10.742,4.4738,1,0,1,0
8.4317,-5.7767,1,0,0,0
7.207,5.4014,1,0,1,0
-4.8596,-3.7208,0,1,0,0
4.3178,6.7896,0,0,1,1
3.8531,7.7021,0,0,1,1
-0.32406,6.7501,0,0,1,1
-0.62256,7.0935,0,0,0,1
6.175,-2.1562,1,0,0,0
5.0861,6.098,0,0,1,1
7.1991,-3.9882,1,0,0,0
-1.5382,-1.1558,0,1,0,0
3.5722,8.5133,0,0,1,1
8.4623,3.9326,1,0,1,0
0.67884,7.9951,0,0,1,1
9.9363,7.9788,0,0,1,0
0.13367,5.7602,0,0,1,1
-0.99841,-3.1224,0,1,0,0
8.8821,-3.0352,1,0,0,0
5.6174,6.1867,0,0,1,0
-1.2603,9.5304,0,0,0,1
-1.4664,6.8004,0,0,0,1
3.8598,6.0153,0,0,1,1
-4.3327,7.1367,0,0,0,1
-2.723,1.0635,0,1,0,1
5.3191,7.8028,0,0,1,1
-1.9519,7.334,0,0,0,1
-4.4404,-1.4519,0,1,0,0
7.5959,3.7579,1,0,1,0
5.0615,-4.535,1,0,0,0
7.0517,-0.68438,1,0,0,0
5.0219,0.4865,1,0,1,0
0.90976,6.2561,0,0,1,1
7.0455,-0.60907,1,0,0,0
0.60241,-2.701,1,1,0,0
-3.6731,-4.8986,0,1,0,0
4.4541,-3.7636,1,0,0,0
2.032,0.61036,1,1,0,0
0.18773,-0.23512,1,1,0,0
-1.6824,-2.2367,0,1,0,0
6.941,-3.4242,1,0,0,0
-2.2452,0.00030452,0,1,0,0
7.4298,10.456,0,0,1,0
-0.28639,7.868,0,0,0,1
0.46552,6.7308,0,0,1,1
7.8074,-3.2926,1,0,0,0
6.2687,-5.2965,1,0,0,0
2.7832,11.373,0,0,1,1
-0.11611,-1.7986,1,1,0,0
7.0462,-5.3811,1,0,0,0
-4.4053,-4.8914,0,1,0,0
3.9362,5.9122,0,0,1,1
-2.1268,-1.4237,0,1,0,0
4.7374,6.2985,0,0,1,1
3.1419,6.5022,0,0,1,1
-0.76375,5.1561,0,0,0,1
7.3543,-1.814,1,0,0,0
-1.2928,7.3923,0,0,0,1
-3.6695,-1.8601,0,1,0,0
-1.4173,7.0212,0,0,0,1
-3.0065,-3.6444,0,1,0,0
5.1857,4.423,1,0,1,0
5.6515,3.7787,1,0,1,0
4.7469,-2.0169,1,0,0,0
3.174,9.9022,0,0,1,1
6.4398,5.1641,1,0,1,0
0.15318,5.4977,0,0,1,1
9.103,-2.6263,1,0,0,0
-4.5021,-2.2543,0,1,0,0
9.589,-1.957,1,0,0,0
4.5762,4.9174,1,0,1,1
5.301,4.8339,1,0,1,0
8.4089,-1.4021,1,0,0,0
-2.7596,-0.2636,0,1,0,0
-4.4033,-4.4039,0,1,0,0
-0.18625,0.0061591,1,1,0,0
0.47471,-1.9039,1,1,0,0
0.58965,9.516,0,0,1,1
-1.5663,6.6073,0,0,0,1
8.9576,-2.0561,1,0,0,0
6.2757,4.3783,1,0,1,0
-3.423,6.6682,0,0,0,1
7.8409,0.34435,1,0,1,0
0.23632,-0.32299,1,1,0,0
-5.6936,-1.675,0,1,0,0
4.5858,-1.7227,1,1,0,0
0.7059,8.2996,0,0,1,1
1.7168,8.9791,0,0,1,1
7.0554,-2.7978,1,0,0,0
8.3997,-6.1472,1,0,0,0
-1.8723,-3.1369,0,1,0,0
6.2066,3.1063,1,0,1,0
7.0282,-8.598,1,0,0,0
-2.2214,-1.9289,0,1,0,0
-3.0083,-1.3005,0,1,0,0
5.2644,8.3115,0,0,1,1
-0.11658,8.1354,0,0,1,1
2.248,2.3292,1,1,1,1
-3.4734,1.0429,0,1,0,1
7.5014,0.053448,1,0,1,0
0.79501,7.2332,0,0,1,1
-0.55268,9.0904,0,0,0,1
3.2546,6.2105,0,0,1,1
3.6308,-0.6479,1,1,0,0
6.3311,4.9405,1,0,1,0
-1.0121,1.6661,0,1,0,1
4.3345,8.5062,0,0,1,1
-1.2207,-4.0098,0,1,0,0
-1.1314,-3.3689,0,1,0,0
-0.6332,0.34582,0,1,0,0
5.6394,6.6418,0,0,1,0
6.7833,-3.537,1,0,0,0
-3.0537,6.6222,0,0,0,1
7.7693,7.9464,0,0,1,0
5.3123,-0.44298,1,0,1,0
-4.1794,-5.7573,0,1,0,0
5.417,5.7939,0,0,1,1
-3.2302,-1.5106,0,1,0,0
3.019,3.5426,1,0,1,1
-2.9239,0.0053914,0,1,0,0
-1.8758,-0.43988,0,1,0,0
8.994,2.548,1,0,1,0
7.6166,8.6833,0,0,1,0
1.0007,2.1089,1,1,1,1
7.4696,4.8879,1,0,1,0
-1.5037,8.4193,0,0,0,1
7.2025,5.0674,1,0,1,0
-1.3637,7.5036,0,0,0,1
8.5089,-0.34061,1,0,0,0
0.76021,-0.93011,1,1,0,0
7.8196,9.4584,0,0,1,0
-2.4238,-0.16541,0,1,0,0
-0.01624,1.2463,1,1,0,1
5.5714,-2.0396,1,0,0,0
0.23127,7.8973,0,0,1,1
0.27505,7.8213,0,0,1,1
9.3596,-3.3548,1,0,0,0
8.3361,4.5251,1,0,1,0
0.28001,-0.4258,1,1,0,0
1.8011,7.0272,0,0,1,1
-1.7748,4.3466,0,1,0,1
-3.4268,-2.1745,0,1,0,0
0.28397,9.0382,0,0,1,1
0.0051088,-3.959,1,1,0,0
8.3504,-2.8653,1,0,0,0
5.6432,-1.8021,1,0,0,0
-1.4649,5.78,0,0,0,1
9.962,6.1951,0,0,1,0
5.6262,7.7232,0,0,1,0
8.6242,-0.71625,1,0,0,0
5.1963,-4.3364,1,0,0,0
-2.6158,6.0634,0,0,0,1
9.5845,-4.8537,1,0,0,0
-4.3101,0.51844,0,1,0,0
9.5189,-3.9319,1,0,0,0
4.0793,4.4943,1,0,1,1
-5.6489,-3.5564,0,1,0,0
-4.2402,-0.24874,0,1,0,0
-1.4477,7.7286,0,0,0,1
-3.8415,10.323,0,0,0,1
-1.5993,6.4729,0,0,0,1
-2.253,7.681,0,0,0,1
2.7522,9.8081,0,0,1,1
3.2426,0.34861,1,1,1,0
8.6777,-0.83156,1,0,0,0
-2.2119,-2.3454,0,1,0,0
-2.3305,7.4978,0,0,0,1
7.6661,6.3938,0,0,1,0
-5.1198,4.5975,0,0,0,1
2.3251,7.9309,0,0,1,1
-5.1695,-0.86485,0,1,0,0
6.4956,6.1222,0,0,1,0
8.8307,-2.6313,1,0,0,0
0.86731,-3.0414,1,1,0,0
6.0044,5.2575,1,0,1,0
8.4826,-4.522,1,0,0,0
-5.7312,-2.9319,0,1,0,0
-0.49841,-1.1366,1,1,0,0
-2.3853,-0.92451,0,1,0,0
-2.978,8.4702,0,0,0,1
0.82757,-3.8084,1,1,0,0
-2.0272,6.1584,0,0,0,1
-0.51304,-2.3474,1,1,0,0
1.7027,7.7962,0,0,1,1
4.9832,2.0316,1,0,1,0
-3.5728,7.1298,0,0,0,1
-1.2453,-2.6577,0,1,0,0
-1.1721,8.9446,0,0,0,1
4.8249,6.0625,0,0,1,1
-2.9721,-3.2038,0,1,0,0
0.11777,7.6625,0,0,1,1
7.7419,-1.4115,1,0,0,0
8.0758,-3.5126,1,0,0,0
5.0901,7.6662,0,0,1,1
4.6695,8.812,0,0,1,1
-1.1088,-0.9066,0,1,0,0
1.8491,6.5052,0,0,1,1
-3.4425,-3.028,0,1,0,0
-4.5727,0.82946,0,1,0,0
-3.7784,3.9225,0,1,0,1
-0.47422,6.9539,0,0,0,1
8.1866,3.753,1,0,1,0
7.5113,-3.0633,1,0,0,0
7.3092,6.3709,0,0,1,0
-0.95778,5.4088,0,0,0,1
5.4476,8.0627,0,0,1,1
-2.8287,-0.78829,0,1,0,0
7.5206,8.9137,0,0,1,0
-2.3295,3.9257,0,1,0,1
7.3632,-1.3574,1,0,0,0
1.3696,-0.30255,1,1,0,0
-3.281,-2.2481,0,1,0,0
4.1784,4.4408,1,0,1,1
-2.6359,4.7841,0,1,0,1
8.0444,6.9325,0,0,1,0
-1.5341,-2.7849,0,1,0,0
-4.1925,-1.5386,0,1,0,0
8.9715,0.96676,1,0,1,0
5.3152,-0.17765,1,0,1,0
0.29902,-0.83255,1,1,0,0
3.9909,3.1338,1,0,1,1
8.3527,-2.9427,1,0,0,0
-0.49975,-3.1669,1,1,0,0
-3.2426,8.0977,0,0,0,1
10.217,-5.1923,1,0,0,0
6.6072,-3.9211,1,0,0,0
-1.2679,-2.3402,0,1,0,0
-1.328,8.1085,0,0,0,1
9.1478,4.0738,1,0,1,0
-0.83635,6.764,0,0,0,1
7.8275,2.3993,1,0,1,0
4.0319,0.44025,1,1,1,0
2.2746,5.7969,0,0,1,1
8.3752,-0.29289,1,0,0,0
4.8122,6.2173,0,0,1,1
-1.2817,8.3885,0,0,0,1
-1.0995,7.1724,0,0,0,1
0.52381,-0.32672,1,1,0,0
4.5069,4.0908,1,0,1,1
10.207,-0.56904,1,0,0,0
7.0306,5.7968,0,0,1,0
3.7187,4.8635,1,0,1,1
1.469,8.3775,0,0,1,1
-1.5563,6.649,0,0,0,1
10.141,4.9298,1,0,1,0
-3.9404,-1.2086,0,1,0,0
-2.2263,7.2441,0,0,0,1
5.6512,-5.8562,1,0,0,0
5.26,7.8936,0,0,1,1
5.5172,-1.5558,1,0,0,0
7.915,2.0136,1,0,1,0
5.6712,4.206,1,0,1,0
5.8781,3.9736,1,0,1,0
5.2248,5.8571,0,0,1,1
-3.2683,-4.4575,0,1,0,0
7.0754,-7.2141,1,0,0,0
-2.4824,7.4396,0,0,0,1
5.8605,6.8403,0,0,1,0
-2.2843,-0.83755,0,1,0,0
4.4827,-0.95975,1,1,0,0
6.2085,6.1024,0,0,1,0
-1.9349,8.4551,0,0,0,1
7.3099,-1.6052,1,0,0,0
-3.0726,-2.9665,0,1,0,0
5.1992,5.3706,1,0,1,1
-3.1315,5.8003,0,0,0,1
4.0806,4.6911,1,0,1,1
-2.382,4.9812,0,1,0,1
-2.9866,-0.75523,0,1,0,0
-4.396,4.1677,0,1,0,1
-2.3392,-0.47347,0,1,0,0
-1.0866,8.5841,0,0,0,1
-2.7789,5.2855,0,0,0,1
4.5036,-0.63866,1,1,0,0
4.8417,-0.19062,1,0,1,0
-2.1354,-1.9103,0,1,0,0
3.5161,-1.8332,1,1,0,0
-1.7272,-0.9688,0,1,0,0
4.2937,1.1666,1,0,1,0
3.5801,-1.3595,1,1,0,0
0.35081,6.4631,0,0,1,1
-2.152,7.0847,0,0,0,1
7.3304,-2.8967,1,0,0,0
7.0261,0.84472,1,0,1,0
-3.1374,6.7517,0,0,0,1
4.0194,7.0569,0,0,1,1
6.8892,0.51818,1,0,1,0
-1.9612,0.42325,0,1,0,0
9.7725,0.59323,1,0,0,0
-0.70951,-5.0903,0,1,0,0
4.6615,8.6498,0,0,1,1
7.1422,7.9316,0,0,1,0
-2.4882,1.1172,0,1,0,1
-7.0838,-2.4277,0,1,0,0
-2.6894,7.3262,0,0,0,1
8.1632,3.7027,1,0,1,0
-0.68871,1.3408,0,1,0,1
-1.7317,-2.4723,0,1,0,0
3.6623,-2.1995,1,1,0,0
6.7588,-2.3262,1,0,0,0
6.5877,7.0875,0,0,1,0
0.43591,-2.0884,1,1,0,0
5.553,4.6698,1,0,1,0
2.9836,10.984,0,0,1,1
-1.4626,5.6328,0,0,0,1
6.0464,-3.1251,1,0,0,0
0.39578,8.0532,0,0,1,1
6.1639,-2.1604,1,0,0,0
7.1972,0.76332,1,0,1,0
5.2274,-2.2259,1,0,0,0
-3.1184,6.0721,0,0,0,1
5.2362,5.8889,0,0,1,1
5.1099,2.9539,1,0,1,0
4.3073,-1.4684,1,1,0,0
-5.6242,-2.4127,0,1,0,0
8.4022,-1.4177,1,0,0,0
-1.9959,-1.9604,0,1,0,0
1.4634,6.4,0,0,1,1
5.7638,6.4373,0,0,1,0
6.3615,-0.70285,1,0,0,0
-6.2717,-3.5627,0,1,0,0
2.6448,0.20073,1,1,0,0
-2.5384,-2.0898,0,1,0,0
-1.3666,0.02686,0,1,0,0
-0.21258,0.60242,1,1,0,1
3.2208,4.7952,0,0,1,1
-1.8039,-0.17441,0,1,0,0
-0.44359,5.6058,0,0,1,1
5.4259,7.0693,0,0,1,1
1.2781,-3.5485,1,1,0,0
-1.7307,-3.2453,0,1,0,0
-2.3215,-1.6282,0,1,0,0
-2.4599,0.46054,0,1,0,0
8.0106,-2.4178,1,0,0,0
-0.69087,0.54894,0,1,0,1
5.0523,5.006,1,0,1,1
0.15266,10.114,0,0,0,1
-3.0299,-0.49248,0,1,0,0
-0.23376,5.2855,0,0,1,1
7.4238,-5.0501,1,0,0,0
0.75601,-2.0334,1,1,0,0
10.76,6.3406,0,0,1,0
6.8734,7.5853,0,0,1,0
-4.6072,-5.8566,0,1,0,0
0.27607,6.3338,0,0,1,1
-0.7149,8.0256,0,0,0,1
7.071,-0.48365,1,0,0,0
0.74098,1.2736,1,1,0,1
9.9757,-2.0938,1,0,0,0
-5.7233,-3.0438,0,1,0,0
6.1353,1.4653,1,0,1,0
4.017,5.9043,0,0,1,1
-0.75578,7.9222,0,0,0,1
-2.1171,0.0010146,0,1,0,0
2.374,9.7383,0,0,1,1
-0.45807,4.9301,0,1,0,1
4.5732,-2.6373,1,0,0,0
8.4226,-2.1732,1,0,0,0
-3.2465,4.6132,0,1,0,1
-4.0621,-1.251,0,1,0,0
5.6518,3.3288,1,0,1,0
-2.0083,-2.7554,0,1,0,0
-1.245,-0.94793,0,1,0,0
-0.23108,6.0422,0,0,1,1
1.2227,6.7827,0,0,1,1
1.5153,6.7496,0,0,1,1
0.27574,-0.91412,1,1,0,0
7.5652,8.1051,0,0,1,0
7.3033,-1.8714,1,0,0,0
5.9504,2.5032,1,0,1,0
8.8868,1.6449,1,0,1,0
-5.7816,-3.8714,0,1,0,0
1.1143,7.2369,0,0,1,1
8.4841,-2.885,1,0,0,0
0.57802,-2.7732,1,1,0,0
6.5113,6.2525,0,0,1,0
6.6489,5.8878,0,0,1,0
0.014917,1.0215,1,1,0,1
-1.0977,0.49426,0,1,0,1
5.2871,6.7327,0,0,1,1
9.1872,-4.548,1,0,0,0
-0.43423,7.4191,0,0,0,1
6.1424,4.7539,1,0,1,0
5.9718,-1.5419,1,0,0,0
-3.9038,-4.5249,0,1,0,0
9.0386,-1.5039,1,0,0,0
-1.5276,0.33472,0,1,0,0
2.851,8.1656,0,0,1,1
4.6028,4.4321,1,0,1,1
0.27689,3.6854,0,1,1,1
1.9301,9.3701,0,0,1,1
4.4775,-1.7412,1,1,0,0
1.9834,10.523,0,0,1,1
-2.4878,-0.50308,0,1,0,0
-7.0627,-3.1879,0,1,0,0
-0.91255,8.7107,0,0,0,1
2.5045,4.9844,0,0,1,1
-3.4531,-2.2559,0,1,0,0
-2.2679,-0.69582,0,1,0,0
6.2859,-0.82451,1,0,0,0
-3.3395,-2.6624,0,1,0,0
-5.3926,-0.11803,0,1,0,0
-4.6934,-5.1154,0,1,0,0
1.6782,8.6168,0,0,1,1
6.6833,6.5776,0,0,1,0
6.8276,7.9539,0,0,1,0
-5.7523,8.6497,0,0,0,1
-2.6169,-1.3864,0,1,0,0
7.0154,-2.0975,1,0,0,0
7.0609,-5.8249,1,0,0,0
-2.1373,5.0062,0,1,0,1
-0.092768,5.4889,0,0,1,1
7.7187,-1.2368,1,0,0,0
-0.035148,-3.4674,1,1,0,0
4.473,1.985,1,0,1,0
2.0124,11.45,0,0,0,1
6.2535,6.6915,0,0,1,0
8.4356,4.2226,1,0,1,0
7.8046,-3.5891,1,0,0,0
5.7034,3.0388,1,0,1,0
2.3891,5.6595,0,0,1,1
7.7607,-2.6546,1,0,0,0
9.5509,2.0219,1,0,1,0
7.0099,3.8124,1,0,1,0
6.9983,-1.5255,1,0,0,0
-1.5159,-2.7424,0,1,0,0
0.12193,8.0118,0,0,1,1
-0.36805,6.2719,0,0,1,1
6.0543,7.9464,0,0,1,0
8.6093,-2.4108,1,0,0,0
9.0535,7.4262,0,0,1,0
-3.7784,-1.4654,0,1,0,0
7.3191,-5.2927,1,0,0,0
4.9942,10.907,0,0,1,0
6.6843,4.2399,1,0,1,0
-1.2855,7.4733,0,0,0,1
-3.1075,7.5453,0,0,0,1
-0.84519,-2.6211,0,1,0,0
-2.1571,-4.3489,0,1,0,0
-1.6083,-4.2051,0,1,0,0
4.9079,5.2591,1,0,1,1
0.14452,7.3121,0,0,1,1
9.1693,-1.6041,1,0,0,0
-0.34996,5.9547,0,0,1,1
8.9563,7.6519,0,0,1,0
-2.7779,-2.365,0,1,0,0
-4.827,1.3853,0,1,0,0
-0.55343,-1.6176,1,1,0,0
-1.9234,-2.7044,0,1,0,0
6.8647,7.1622,0,0,1,0
2.2215,9.7073,0,0,1,1
-1.3518,8.4941,0,0,0,1
-1.4742,11.653,0,0,0,1
7.4394,-3.7525,1,0,0,0
-0.79786,7.327,0,0,0,1
-2.63,4.8245,0,1,0,1
2.3259,5.9968,0,0,1,1
-1.9279,7.1886,0,0,0,1
7.9235,3.511,1,0,1,0
6.1353,5.991,0,0,1,0
8.3703,8.7323,0,0,1,0
5.0568,9.1794,0,0,1,1
9.7805,5.8294,0,0,1,0
7.0631,-1.6566,1,0,0,0
5.5848,2.5729,1,0,1,0
-6.3526,0.55074,0,1,0,0
2.2631,7.4624,0,0,1,1
0.4142,11.321,0,0,0,1
-0.40708,0.17024,1,1,0,0
5.3946,0.87874,1,0,1,0
-2.8462,2.3296,0,1,0,1
-2.1433,6.2529,0,0,0,1
1.2875,7.0194,0,0,1,1
-0.50059,-1.6662,1,1,0,0
5.4843,0.25854,1,0,1,0
5.8908,6.5603,0,0,1,0
-1.0735,0.23265,0,1,0,0
-2.7952,6.3175,0,0,0,1
7.0927,-3.2962,1,0,0,0
-2.8786,5.5071,0,0,0,1
-1.1298,-1.8424,0,1,0,0
0.25764,6.7265,0,0,1,1
0.81069,5.2169,0,0,1,1
5.5419,7.4072,0,0,1,1
-0.81348,5.8098,0,0,0,1
-1.5984,-1.5443,0,1,0,0
7.4302,-1.0313,1,0,0,0
-3.1959,-1.1638,0,1,0,0
7.3295,5.4063,1,0,1,0
-0.74581,6.6408,0,0,0,1
7.4353,-1.1931,1,0,0,0
1.979,-0.25482,1,1,0,0
7.8558,-3.0984,1,0,0,0
7.7245,7.6971,0,0,1,0
0.92824,8.3946,0,0,1,1
-2.436,-0.21071,0,1,0,0
1.1653,-2.7652,1,1,0,0
7.5139,-1.5093,1,0,0,0
5.2765,5.2701,1,0,1,1
-3.1972,7.4695,0,0,0,1
-0.32245,-1.5235,1,1,0,0
-2.6791,-4.1306,0,1,0,0
7.1635,-1.9594,1,0,0,0
0.35756,6.3642,0,0,1,1
7.3857,6.2929,0,0,1,0
9.8036,-3.1421,1,0,0,0
6.2603,6.2181,0,0,1,0
6.5528,5.5034,1,0,1,0
-1.6229,-0.51277,0,1,0,0
4.3336,-2.6914,1,1,0,0
-4.7481,-2.8686,0,1,0,0
-4.5147,-3.8994,0,1,0,0
0.52987,7.0829,0,0,1,1
-1.3088,7.1076,0,0,0,1
-0.48962,-2.0905,1,1,0,0
4.5878,5.7735,0,0,1,1
9.9653,7.1566,0,0,1,0
-4.5775,-0.50236,0,1,0,0
5.4326,-3.1527,1,0,0,0
5.6027,6.863,0,0,1,1
-0.9363,-1.4677,0,1,0,0
-2.853,-0.55439,0,1,0,0
-1.4773,0.59718,0,1,0,1
4.5895,10.199,0,0,1,1
-1.8863,5.0645,0,1,0,1
1.7655,7.3682,0,0,1,1
6.2741,-1.2473,1,0,0,0
-0.10765,9.4206,0,0,0,1
-2.0789,5.6664,0,0,0,1
-1.4198,6.5631,0,0,0,1
8.0654,6.7775,0,0,1,0
4.5579,-1.9551,1,1,0,0
-2.2711,-5.626,0,1,0,0
7.3378,-4.0094,1,0,0,0
-3.2763,9.4642,0,0,0,1
1.5417,4.6754,0,0,1,1
9.9015,-2.7764,1,0,0,0
8.5085,-1.2497,1,0,0,0
6.7035,1.0913,1,0,1,0
-3.9168,-0.91881,0,1,0,0
2.04,6.305,0,0,1,1
-3.4963,5.0729,0,0,0,1
9.8215,5.9703,0,0,1,0
-0.63611,7.937,0,0,0,1
5.8012,0.78061,1,0,1,0
10.865,-2.2623,1,0,0,0
1.5696,10.334,0,0,1,1
-4.5212,-3.8364,0,1,0,0
-2.2027,6.3381,0,0,0,1
5.5868,0.60966,1,0,1,0
7.8075,-3.6138,1,0,0,0
-1.8786,-1.1666,0,1,0,0
-3.0934,5.3398,0,0,0,1
-2.4167,7.5965,0,0,0,1
5.9205,-3.9822,1,0,0,0
3.2119,6.1661,0,0,1,1
8.3029,6.8918,0,0,1,0
8.4347,7.3296,0,0,1,0
-2.6625,6.8281,0,0,0,1
8.6764,-2.9086,1,0,0,0
4.2036,3.255,1,0,1,1
-2.0907,7.8275,0,0,0,1
-1.5347,1.0371,0,1,0,1
5.9021,8.392,0,0,1,0
-1.2549,7.941,0,0,0,1
-4.4293,-4.3839,0,1,0,0
1.1613,1.4163,1,1,0,1
0.7884,8.315,0,0,1,1
4.0131,5.007,1,0,1,1
-2.2622,-2.7967,0,1,0,0
-1.031,-2.5105,0,1,0,0
-0.40343,7.5563,0,0,0,1
-3.1711,-1.3183,0,1,0,0
4.0132,-3.2737,1,1,0,0
-2.5483,-0.49464,0,1,0,0
-3.6145,-4.0109,0,1,0,0
5.0238,5.9371,0,0,1,1
0.895,-0.32202,1,1,0,0
9.5865,1.6136,1,0,1,0
-3.424,6.4758,0,0,0,1
-2.2652,0.49238,0,1,0,1
5.6257,1.1931,1,0,1,0
-1.4122,8.9468,0,0,0,1
-1.5089,-1.2678,0,1,0,0
1.0464,-2.4513,1,1,0,0
8.4659,-2.7712,1,0,0,0
9.3945,-3.0147,1,0,0,0
8.2769,-3.2721,1,0,0,0
-1.0505,0.083208,0,1,0,0
-3.6495,5.5346,0,0,0,1
-7.0739,-3.0512,0,1,0,0
0.53427,6.9868,0,0,1,1
6.0308,-1.0529,1,0,0,0
7.1557,8.6035,0,0,1,0
9.0638,8.048,0,0,1,0
-4.2862,-2.0779,0,1,0,0
4.2533,5.3065,0,0,1,1
4.9933,6.0136,0,0,1,1
4.5866,1.1663,1,0,1,0
8.0839,6.7891,0,0,1,0
8.7506,6.0055,0,0,1,0
-1.8491,7.3111,0,0,0,1
9.9611,-1.5705,1,0,0,0
7.9882,-4.0141,1,0,0,0
6.4684,6.766,0,0,1,0
-1.4184,8.7355,0,0,0,1
4.6628,-0.3181,1,0,1,0
3.0447,10.151,0,0,1,1
0.10475,-1.2761,1,1,0,0
3.775,8.1356,0,0,1,1
9.3582,2.3907,1,0,1,0
-2.3122,0.33844,0,1,0,0
0.25346,6.8297,0,0,1,1
5.238,5.5778,0,0,1,1
-3.3467,7.5104,0,0,0,1
7.3049,1.911,1,0,1,0
-3.512,-3.5407,0,1,0,0
-3.3248,-2.6739,0,1,0,0
5.4445,1.6385,1,0,1,0
2.4865,10.397,0,0,1,1
0.10094,-1.3684,1,1,0,0
-1.0339,5.9463,0,0,0,1
10.684,-2.2099,1,0,0,0
0.95756,8.0991,0,0,1,1
7.6628,7.2778,0,0,1,0
6.5809,4.172,1,0,1,0
-3.4107,7.8749,0,0,0,1
0.85557,7.7826,0,0,1,1
-0.0043512,-2.4566,1,1,0,0
-4.0131,7.5554,0,0,0,1
-1.863,7.0838,0,0,0,1
6.8584,2.9937,1,0,1,0
5.9912,0.83769,1,0,1,0
8.326,-2.6991,1,0,0,0
5.068,8.1801,0,0,1,1
7.0874,6.7061,0,0,1,0
3.6821,8.5595,0,0,1,1
7.9825,5.7183,0,0,1,0
8.9271,5.8094,0,0,1,0
7.1985,-3.381,1,0,0,0
7.7857,-0.97493,1,0,0,0
5.2398,6.2424,0,0,1,1
7.3062,4.255,1,0,1,0
7.57,4.0392,1,0,1,0
-3.4748,-5.0489,0,1,0,0
-0.057461,6.8458,0,0,1,1
-0.19394,-0.88944,1,1,0,0
1.7722,8.0767,0,0,1,1
-0.38441,9.2561,0,0,0,1
8.6341,4.834,1,0,1,0
7.4842,-3.0432,1,0,0,0
-0.26526,7.3054,0,0,1,1
0.1423,-2.0064,1,1,0,0
-2.9512,-0.96379,0,1,0,0
7.2096,-4.3172,1,0,0,0
-0.56856,7.0955,0,0,0,1
-6.2815,-3.077,0,1,0,0
0.21526,6.6566,0,0,1,1
5.3515,8.2923,0,0,1,1
-4.0151,-1.9443,0,1,0,0
5.291,7.4959,0,0,1,1
-0.25967,-3.7659,1,1,0,0
-2.0541,3.1813,0,1,0,1
-2.9847,-3.623,0,1,0,0
7.0111,-2.1784,1,0,0,0
-2.3583,1.4622,0,1,0,1
6.2359,4.2891,1,0,1,0
1.1995,5.4508,0,0,1,1
4.8398,9.5608,0,0,1,1
6.3404,6.7306,0,0,1,0
-1.5183,6.5581,0,0,0,1
8.7199,9.9266,0,0,1,0
-1.4798,3.818,0,1,0,1
5.8736,6.9541,0,0,1,0
-3.8475,5.2018,0,0,0,1
6.055,4.5578,1,0,1,0
0.2172,5.4217,0,0,1,1
4.668,5.4198,0,0,1,1
7.3525,7.4903,0,0,1,0
4.4075,-2.6685,1,1,0,0
-4.3177,-2.6075,0,1,0,0
8.2099,1.1788,1,0,1,0
4.97,4.347,1,0,1,1
-4.2013,6.3507,0,0,0,1
3.8274,-2.0564,1,1,0,0
6.6587,5.6054,1,0,1,0
10.036,-3.4795,1,0,0,0
0.40412,7.4947,0,0,1,1
-3.5506,-6.5224,0,1,0,0
8.1429,-2.3801,1,0,0,0
5.183,5.9429,0,0,1,1
6.1974,6.4891,0,0,1,0
-1.9766,-0.7722,0,1,0,0
-6.7198,-3.7576,0,1,0,0
0.25367,0.90494,1,1,0,1
3.1215,6.6641,0,0,1,1
-2.1156,-3.6353,0,1,0,0
7.3032,3.0902,1,0,1,0
9.402,-3.97,1,0,0,0
-2.1784,-0.82382,0,1,0,0
6.826,-1.5198,1,0,0,0
-3.8142,9.3229,0,0,0,1
5.1255,8.3644,0,0,1,1
6.1285,-2.5017,1,0,0,0
-4.8987,-1.6832,0,1,0,0
-3.245,-0.91891,0,1,0,0
5.375,-3.0605,1,0,0,0
-2.3956,-3.6014,0,1,0,0
-1.4244,-2.5377,0,1,0,0
-1.5616,7.4066,0,0,0,1
-0.76424,-2.5967,0,1,0,0
1.3504,0.050503,1,1,0,0
8.5908,-1.7863,1,0,0,0
0.34785,-0.34658,1,1,0,0
6.5248,4.9946,1,0,1,0
10.368,-1.7074,1,0,0,0
-2.3959,-0.80409,0,1,0,0
4.3606,8.6659,0,0,1,1
6.3251,5.5679,1,0,1,0
-1.849,5.3974,0,0,0,1
5.4846,6.642,0,0,1,1
6.4865,-0.67572,1,0,0,0
2.6756,5.7819,0,0,1,1
5.7608,7.9152,0,0,1,0
8.8361,-3.3123,1,0,0,0
4.4973,3.7464,1,0,1,1
5.4318,6.1524,0,0,1,1
1.1095,-1.4078,1,1,0,0
-0.83185,-1.4825,0,1,0,0
9.1457,7.0883,0,0,1,0
-1.3885,6.9814,0,0,0,1
-3.2655,-2.1856,0,1,0,0
5.2056,7.3561,0,0,1,1
-1.065,-2.0193,0,1,0,0
-1.5457,-4.3587,0,1,0,0
-0.95504,9.6907,0,0,0,1
3.6019,4.7073,1,0,1,1
-1.1405,6.3475,0,0,0,1
9.0834,-4.709,1,0,0,0
5.4599,6.9706,0,0,1,1
7.2439,6.3391,0,0,1,0
-0.86324,8.2596,0,0,0,1
8.566,6.3792,0,0,1,0
7.2811,-1.3447,1,0,0,0
7.3844,6.0153,0,0,1,0
7.2355,-3.3678,1,0,0,0
7.4222,5.0684,1,0,1,0
-1.457,5.3315,0,0,0,1
-1.3415,-1.4104,0,1,0,0
6.8256,-4.3709,1,0,0,0
-0.9053,5.4734,0,0,0,1
0.35567,6.9232,0,0,1,1
10.453,-3.328,1,0,0,0
8.0261,4.9294,1,0,1,0
8.8489,5.9713,0,0,1,0
4.744,5.5391,0,0,1,1
2.5285,0.84065,1,1,1,0
-2.1058,-2.6079,0,1,0,0
-4.4805,5.3806,0,0,0,1
6.031,3.4831,1,0,1,0
7.2537,-4.6834,1,0,0,0
0.21816,-2.6477,1,1,0,0
-0.7208,4.6837,0,1,0,1
-1.8374,-3.5538,0,1,0,0
8.2509,-3.6265,1,0,0,0
-2.7491,7.2099,0,0,0,1
-5.1761,-1.7208,0,1,0,0
5.1887,-1.2349,1,0,0,0
7.0572,6.2465,0,0,1,0
8.964,-0.081919,1,0,0,0
9.0507,-5.9466,1,0,0,0
-0.69038,0.98258,0,1,0,1
-2.2345,-0.98315,0,1,0,0
5.0343,7.3518,0,0,1,1
3.7536,-3.0139,1,1,0,0
0.043003,8.5481,0,0,1,1
3.16,8.2866,0,0,1,1
9.0279,-8.6272,1,0,0,0
-3.9795,7.6695,0,0,0,1
6.5286,6.9447,0,0,1,0
8.9591,-0.51423,1,0,0,0
7.0929,4.1313,1,0,1,0
8.8769,-0.055261,1,0,0,0
-4.892,-2.9044,0,1,0,0
3.7629,7.998,0,0,1,1
7.0473,-4.3592,1,0,0,0
5.0184,-4.906,1,0,0,0
-3.8314,5.3711,0,0,0,1
6.3369,5.0562,1,0,1,0
-3.964,-2.0928,0,1,0,0
-0.795,0.56334,0,1,0,1
-1.1467,8.2882,0,0,0,1
6.8143,9.6333,0,0,1,0
8.1659,-3.8752,1,0,0,0
-1.7029,-1.5006,0,1,0,0
8.0237,4.6415,1,0,1,0
-1.4628,-4.7733,0,1,0,0
-0.46502,0.80299,0,1,0,1
-3.5613,3.5984,0,1,0,1
-5.8521,1.4997,0,1,0,0
-2.7377,7.9534,0,0,0,1
7.0538,6.3748,0,0,1,0
7.2107,-0.028882,1,0,1,0
-2.3233,-3.4571,0,1,0,0
-6.1664,-1.6868,0,1,0,0
6.9382,-3.6052,1,0,0,0
4.9308,8.6853,0,0,1,1
4.9096,-1.4144,1,0,0,0
0.6718,-4.0403,1,1,0,0
-2.8193,8.8814,0,0,0,1
2.6546,6.9052,0,0,1,1
-4.3216,-2.315,0,1,0,0
6.0901,1.1242,1,0,1,0
4.224,8.1656,0,0,1,1
1.5467,9.1766,0,0,1,1
0.67195,8.8944,0,0,1,1
5.2435,-3.0673,1,0,0,0
-1.7926,-0.3855,0,1,0,0
-0.91756,-1.6545,0,1,0,0
0.67868,7.1905,0,0,1,1
6.6083,1.1513,1,0,1,0
5.7116,6.7936,0,0,1,0
0.38509,8.0716,0,0,1,1
-3.6302,6.5286,0,0,0,1
-3.7958,6.1275,0,0,0,1
3.7765,8.0088,0,0,1,1
6.8927,-0.13897,1,0,1,0
10.015,6.3608,0,0,1,0
-1.2691,-0.6401,0,1,0,0
-3.4837,6.4516,0,0,0,1
3.3647,3.275,1,0,1,1
7.8297,7.1066,0,0,1,0
-2.2544,-1.085,0,1,0,0
2.2006,5.8208,0,0,1,1
-2.9547,-1.1243,0,1,0,0
-1.3064,-2.965,0,1,0,0
-1.2335,0.42824,0,1,0,1
-2.0252,-1.7733,0,1,0,0
-6.3996,-1.3602,0,1,0,0
8.305,-1.2709,1,0,0,0
9.2848,-3.5984,1,0,0,0
5.6811,-2.5969,1,0,0,0
9.1621,-2.3137,1,0,0,0
10.211,-2.2009,1,0,0,0
3.6286,-2.033,1,1,0,0
5.9922,-4.5345,1,0,0,0
5.6922,5.0588,1,0,1,0
7.7184,6.4834,0,0,1,0
1.6525,-1.6356,1,1,0,0
-3.348,10.364,0,0,0,1
-2.438,7.8748,0,0,0,1
8.0895,-3.3217,1,0,0,0
7.9837,-3.6693,1,0,0,0
-4.4133,-2.0015,0,1,0,0
0.30232,8.5833,0,0,1,1
7.4087,-0.72827,1,0,0,0
1.3918,7.794,0,0,1,1
8.8983,-4.0737,1,0,0,0
-0.53299,-1.3505,1,1,0,0
-1.1283,5.3202,0,0,0,1
8.2913,-1.8931,1,0,0,0
4.2909,4.6357,1,0,1,1
7.0243,-3.4314,1,0,0,0
2.0121,0.40315,1,1,0,0
-0.9678,-1.4239,0,1,0,0
1.5857,8.1176,0,0,1,1
-2.7814,-3.465,0,1,0,0
6.5973,-1.6851,1,0,0,0
7.3986,5.4555,1,0,1,0
7.2317,-2.0095,1,0,0,0
0.7088,7.5216,0,0,1,1
0.2902,8.9211,0,0,1,1
-3.0166,6.7967,0,0,0,1
2.7193,6.602,0,0,1,1
4.9784,-0.66028,1,0,0,0
7.0681,-5.4847,1,0,0,0
4.7801,-1.052,1,0,0,0
-0.63724,0.35151,0,1,0,0
2.9977,10.573,0,0,1,1
6.8071,-1.076,1,0,0,0
8.152,5.0465,1,0,1,0
7.5061,-3.2796,1,0,0,0
7.5007,-1.4437,1,0,0,0
-1.6961,-2.2433,0,1,0,0
-1.1133,-0.71395,0,1,0,0
3.2034,5.0109,0,0,1,1
6.3397,-0.13247,1,0,1,0
-3.8602,-0.43517,0,1,0,0
6.1125,0.1239,1,0,1,0
-0.29928,-0.31256,1,1,0,0
-0.39683,-0.47901,1,1,0,0
5.3391,-1.3586,1,0,0,0
3.3654,5.4537,0,0,1,1
5.1677,-2.2504,1,0,0,0
6.8526,7.115,0,0,1,0
-0.98435,10.049,0,0,0,1
6.9397,-2.7937,1,0,0,0
4.7873,7.7491,0,0,1,1
3.8861,6.452,0,0,1,1
8.2468,6.82,0,0,1,0
8.5303,-2.7792,1,0,0,0
-4.18,-3.4587,0,1,0,0
-2.5359,-2.9438,0,1,0,0
-1.6884,8.2113,0,0,0,1
6.2623,-1.8772,1,0,0,0
1.2054,9.657,0,0,1,1
-5.2358,3.3173,0,1,0,1
2.3647,-3.0489,1,1,0,0
-0.10514,-3.0939,1,1,0,0
9.1844,-0.16557,1,0,0,0
0.036338,8.7431,0,0,0,1
8.1605,-1.9582,1,0,0,0
-2.2117,-1.3549,0,1,0,0
6.198,-3.1904,1,0,0,0
-1.173,-2.5135,0,1,0,0
5.4906,4.2957,1,0,1,0
6.3955,-4.9983,1,0,0,0
-3.538,-1.6293,0,1,0,0
1.0583,-0.51739,1,1,0,0
6.7843,-2.9243,1,0,0,0
-1.9477,7.9803,0,0,0,1
-4.5022,-4.3259,0,1,0,0
5.6223,7.3487,0,0,1,1
4.0868,1.3419,1,0,1,0
2.5128,-0.55832,1,1,0,0
-6.798,4.7004,0,0,0,1
6.7689,8.3538,0,0,1,0
-1.5271,6.9126,0,0,0,1
-2.7262,9.1672,0,0,0,1
6.0204,5.5084,1,0,1,0
8.3739,-1.9225,1,0,0,0
-1.7639,-3.6124,0,1,0,0
2.2925,4.9351,0,0,1,1
5.2942,6.7282,0,0,1,1
6.3242,-5.0815,1,0,0,0
-1.9524,-2.6327,0,1,0,0
4.8885,6.169,0,0,1,1
-1.2196,7.6585,0,0,0,1
5.6639,-4.9984,1,0,0,0
-1.5876,7.2916,0,0,0,1
7.3005,-4.1956,1,0,0,0
11.194,-2.9472,1,0,0,0
-0.77305,4.9829,0,1,0,1
8.3342,-0.66761,1,0,0,0
1.4871,6.5251,0,0,1,1
7.9535,6.9752,0,0,1,0
8.7789,-1.4392,1,0,0,0
6.2846,7.4688,0,0,1,0
8.6045,0.072684,1,0,1,0
-6.0205,1.4201,0,1,0,0
6.3249,-2.2589,1,0,0,0
7.165,-1.4942,1,0,0,0
8.2175,6.2121,0,0,1,0
6.6388,-1.9769,1,0,0,0
-4.5221,-4.0785,0,1,0,0
8.7023,9.0894,0,0,1,0
-5.832,-0.19834,0,1,0,0
4.9818,5.1994,1,0,1,1
-1.4947,6.8801,0,0,0,1
8.3005,3.9482,1,0,1,0
9.453,-2.3907,1,0,0,0
-0.10808,1.2914,0,1,0,1
3.6373,3.8095,1,0,1,1
5.4586,8.8581,0,0,1,0
5.6692,1.3222,1,0,1,0
-3.049,4.4706,0,1,0,1
1.1845,-2.923,1,1,0,0
-2.5282,8.5833,0,0,0,1
-3.0429,6.1543,0,0,0,1
-2.5183,-0.67258,0,1,0,0
-1.3085,7.993,0,0,0,1
-0.74045,6.7866,0,0,0,1
